Dst Port,Protocol,Flow Duration,Tot Fwd Pkts,Tot Bwd Pkts,TotLen Fwd Pkts,TotLen Bwd Pkts,Fwd Pkt Len Max,Fwd Pkt Len Min,Fwd Pkt Len Mean,Fwd Pkt Len Std,Bwd Pkt Len Max,Bwd Pkt Len Min,Bwd Pkt Len Mean,Bwd Pkt Len Std,Flow Byts/s,Flow Pkts/s,Flow IAT Mean,Flow IAT Std,Flow IAT Max,Flow IAT Min,Fwd IAT Tot,Fwd IAT Mean,Fwd IAT Std,Fwd IAT Max,Fwd IAT Min,Bwd IAT Tot,Bwd IAT Mean,Bwd IAT Std,Bwd IAT Max,Bwd IAT Min,Fwd PSH Flags,Bwd PSH Flags,Fwd URG Flags,Bwd URG Flags,Fwd Header Len,Bwd Header Len,Fwd Pkts/s,Bwd Pkts/s,Pkt Len Min,Pkt Len Max,Pkt Len Mean,Pkt Len Std,Pkt Len Var,FIN Flag Cnt,SYN Flag Cnt,RST Flag Cnt,PSH Flag Cnt,ACK Flag Cnt,URG Flag Cnt,CWE Flag Count,ECE Flag Cnt,Down/Up Ratio,Pkt Size Avg,Fwd Seg Size Avg,Bwd Seg Size Avg,Fwd Byts/b Avg,Fwd Pkts/b Avg,Fwd Blk Rate Avg,Bwd Byts/b Avg,Bwd Pkts/b Avg,Bwd Blk Rate Avg,Subflow Fwd Pkts,Subflow Fwd Byts,Subflow Bwd Pkts,Subflow Bwd Byts,Init Fwd Win Byts,Init Bwd Win Byts,Fwd Act Data Pkts,Fwd Seg Size Min,Active Mean,Active Std,Active Max,Active Min,Idle Mean,Idle Std,Idle Max,Idle Min,Label
7000,6,43045,4,5,41,1832,41,0,10.25,20.5,1448,0,366.4,627.0795803,43512.60309,209.0835172,5380.625,9568.732189,26126,2,16824,5608,9289.843002,16334,119,42573,10643.25,11838.64146,26126,2,0,0,0,0,128,184,92.92600767,116.1575096,0,1448,187.3,458.866732,210558.6778,0,1,0,0,0,0,0,0,1,208.1111111,10.25,366.4,0,0,0,0,0,0,4,41,5,1832,-1,4116,1,0,0,0,0,0,0,0,0,0,VPN
63584,6,1,1,1,0,0,0,0,0,0,0,0,0,0,0,2000000,1,0,1,1,0,0,0,0,0,0,0,0,0,0,0,0,0,0,32,32,1000000,1000000,0,0,0,0,0,0,0,0,0,1,0,0,0,1,0,0,0,0,0,0,0,0,0,1,0,1,0,-1,4116,0,0,0,0,0,0,0,0,0,0,VPN
7000,6,93815,4,5,41,1665,41,0,10.25,20.5,1448,0,333,630.34673,18184.72526,95.93348612,11726.875,17733.86289,46828,1,62755,20918.33333,23779.38974,46828,91,46829,11707.25,13684.69389,30995,1,0,0,0,0,128,184,42.63710494,53.29638118,0,1448,170.6,453.9249081,206047.8222,0,1,0,0,0,0,0,0,1,189.5555556,10.25,333,0,0,0,0,0,0,4,41,5,1665,-1,2058,1,0,0,0,0,0,0,0,0,0,VPN
63585,6,1,1,1,0,0,0,0,0,0,0,0,0,0,0,2000000,1,0,1,1,0,0,0,0,0,0,0,0,0,0,0,0,0,0,32,32,1000000,1000000,0,0,0,0,0,0,0,0,0,1,0,0,0,1,0,0,0,0,0,0,0,0,0,1,0,1,0,-1,2058,0,0,0,0,0,0,0,0,0,0,VPN
5353,17,119811476,34,1,10945,355,657,90,321.9117647,121.1308753,355,355,355,0,94.31483842,0.292125606,3523866.941,9293012.331,4.50E+07,2,1.18E+08,3568604.636,9433379.796,4.50E+07,2,0,0,0,0,0,0,0,0,0,272,8,0.28377916,0.008346446,90,657,323.75,117.869995,13893.33571,0,0,0,0,0,0,0,0,0,333,321.9117647,355,0,0,0,0,0,0,34,10945,1,355,-1,-1,34,0,5887718.25,2615219.556,9011009,3481402,1.92E+07,1.85E+07,4.50E+07,5734751,VPN
50563,17,118985835,41229,10548,5.54E+07,2240564,1452,80,1344.845036,347.2198571,1452,32,212.416003,333.3472806,484823.9288,435.1526381,2298.088593,48583.78287,6859956,0,1.19E+08,2886.027045,59643.19061,6860705,0,1.19E+08,11281.4862,110987.166,6860728,0,0,0,0,0,329832,84384,346.5034304,88.6492077,32,1452,1114.127158,571.5605842,326681.5014,0,0,0,0,0,0,0,0,0,1114.148676,1344.845036,212.416003,0,0,0,0,0,0,41229,55446616,10548,2240564,-1,-1,41229,0,4.51E+07,5.83E+07,8.63E+07,3862939,6168898,977303.596,6859956,5477840,VPN
9431,17,119197990,97,1,7275,75,75,75,75,0,75,75,75,0,61.6621136,0.822161515,1228845.258,926621.6535,7066716,916386,1.18E+08,1230977.24,931246.6565,7066716,916386,0,0,0,0,0,0,0,0,0,776,8,0.813772111,0.008389403,75,75,75,0,0,0,0,0,0,0,0,0,0,0,75.76530612,75,75,0,0,0,0,0,0,97,7275,1,75,-1,-1,97,0,1.10E+07,8472554.159,1.70E+07,5016672,6503053,797139.8592,7066716,5939390,VPN
443,6,96858234,9,7,296,429,74,0,32.88888889,39.00142448,74,0,61.28571429,27.04757713,7.485166413,0.165189879,6457215.6,1.12E+07,2.75E+07,127,9.68E+07,1.21E+07,1.31E+07,2.75E+07,24087,9.69E+07,1.61E+07,1.27E+07,2.76E+07,4482,0,1,0,0,288,224,0.092919307,0.072270572,0,74,47,35.80153628,1281.75,0,0,0,1,1,0,0,0,0,49.9375,32.88888889,61.28571429,0,0,0,0,0,0,9,296,7,429,-1,274,4,0,29619.75,11451.13675,46783,23274,2.42E+07,3041439.579,2.75E+07,2.16E+07,VPN
5353,17,100148250,12,1,2049,487,493,50,170.75,192.2489508,487,487,487,0,25.32245945,0.12980756,8345687.5,1.11E+07,3.45E+07,2,6.56E+07,5967124.636,7821710.256,2.66E+07,2,0,0,0,0,0,0,0,0,0,96,8,0.119822363,0.009985197,50,493,215.9285714,210.8606774,44462.22527,0,0,0,0,0,0,0,0,0,232.5384615,170.75,487,0,0,0,0,0,0,12,2049,1,487,-1,-1,12,0,6043088,7097250.562,1.11E+07,1024574,1.76E+07,1.24E+07,3.45E+07,5834666,VPN
5353,17,100045868,11,1,1931,487,493,50,175.5454545,201.4529045,487,487,487,0,24.1689142,0.119944984,9095078.909,1.76E+07,6.12E+07,1,3.88E+07,3881151,3158031.863,9012018,1,0,0,0,0,0,0,0,0,0,88,8,0.109949568,0.009995415,50,493,223.4615385,217.943653,47499.4359,0,0,0,0,0,0,0,0,0,242.0833333,175.5454545,487,0,0,0,0,0,0,11,1931,1,487,-1,-1,11,0,7528867.5,4996046.699,1.11E+07,3996129,2.12E+07,2.67E+07,6.12E+07,5732289,VPN
0,0,117664051,585,1,0,0,0,0,0,0,0,0,0,0,0,4.980280681,201135.1299,1245061.906,2.00E+07,0,1.16E+08,199374.2877,1245400.007,2.00E+07,0,0,0,0,0,0,0,0,0,0,0,0,4.971781908,0.008498772,0,0,0,0,0,0,0,0,0,0,0,0,0,0,0,0,0,0,0,0,0,0,0,585,0,1,0,-1,-1,0,0,1.21E+07,7869322.442,2.32E+07,5118117,9376209.857,5279332.769,2.00E+07,5033256,VPN
5353,17,117438029,3,1,3166,415,1126,914,1055.333333,122.3982571,415,415,415,0,30.49267797,0.034060517,3.91E+07,3.73E+07,8.22E+07,1.64E+07,1.01E+08,5.05E+07,4.49E+07,8.22E+07,1.88E+07,0,0,0,0,0,0,0,0,0,24,8,0.025545388,0.008515129,415,1126,799.2,361.246038,130498.7,0,0,0,0,0,0,0,0,0,999,1055.333333,415,0,0,0,0,0,0,3,3166,1,415,-1,-1,3,0,0,0,0,0,3.91E+07,3.73E+07,8.22E+07,1.64E+07,VPN
443,6,93002312,7,9,105,159,35,0,15,18.70828693,35,0,17.66666667,16.80773631,2.838639108,0.172038734,6200154.133,1.28E+07,3.10E+07,63,9.30E+07,1.55E+07,1.69E+07,3.10E+07,33434,9.30E+07,1.16E+07,1.60E+07,3.10E+07,1895,0,1,0,0,224,288,0.075266946,0.096771788,0,35,17.58823529,17.15757421,294.3823529,0,0,0,1,1,0,0,0,1,18.6875,15,17.66666667,0,0,0,0,0,0,7,105,9,159,-1,267,3,0,33655,390.4625462,33915,33206,3.10E+07,39739.05476,3.10E+07,3.09E+07,VPN
57621,17,116430568,2,1,80,40,40,40,40,0,40,40,40,0,1.030657172,0.025766429,5.82E+07,3.99E+07,8.64E+07,3.00E+07,3.00E+07,3.00E+07,0,3.00E+07,3.00E+07,0,0,0,0,0,0,0,0,0,16,8,0.01717762,0.00858881,40,40,40,0,0,0,0,0,0,0,0,0,0,0,53.33333333,40,40,0,0,0,0,0,0,2,80,1,40,-1,-1,2,0,0,0,0,0,5.82E+07,3.99E+07,8.64E+07,3.00E+07,VPN
5353,17,80691361,1,1,85,260,85,85,85,0,260,260,260,0,4.275550638,0.024785801,8.07E+07,0,8.07E+07,8.07E+07,0,0,0,0,0,0,0,0,0,0,0,0,0,0,8,8,0.0123929,0.0123929,85,260,201.6666667,101.0362971,10208.33333,0,0,0,0,0,0,0,0,1,302.5,85,260,0,0,0,0,0,0,1,85,1,260,-1,-1,1,0,0,0,0,0,8.07E+07,0,8.07E+07,8.07E+07,VPN
443,6,90235097,7,9,129,203,43,0,18.42857143,22.9844668,43,0,22.55555556,21.41909844,3.67927792,0.177314599,6015673.133,1.24E+07,3.00E+07,1,9.01E+07,1.50E+07,1.64E+07,3.00E+07,21333,9.02E+07,1.13E+07,1.55E+07,3.00E+07,1,0,1,0,0,224,288,0.077575137,0.099739462,0,43,22.05882353,21.4664581,460.8088235,0,0,0,1,1,0,0,0,1,23.4375,18.42857143,22.55555556,0,0,0,0,0,0,7,129,9,203,-1,270,3,0,64545,74260.71554,150293,21333,3.00E+07,1945.426174,3.00E+07,3.00E+07,VPN
1900,17,99963079,1,1,101,101,101,101,101,0,101,101,101,0,2.02074608,0.020007387,1.00E+08,0,1.00E+08,1.00E+08,0,0,0,0,0,0,0,0,0,0,0,0,0,0,8,8,0.010003693,0.010003693,101,101,101,0,0,0,0,0,0,0,0,0,0,1,151.5,101,101,0,0,0,0,0,0,1,101,1,101,-1,-1,1,0,0,0,0,0,1.00E+08,0,1.00E+08,1.00E+08,VPN
5353,17,100764462,20,1,3348,160,197,160,167.4,15.18447961,160,160,160,0,34.81386126,0.208406809,5038223.1,1.15E+07,5.27E+07,204622,9.95E+07,5238756.789,1.18E+07,5.27E+07,204622,0,0,0,0,0,0,0,0,0,160,8,0.198482675,0.009924134,160,197,166.7272727,14.60652763,213.3506494,0,0,0,0,0,0,0,0,0,174.6666667,167.4,160,0,0,0,0,0,0,20,3348,1,160,-1,-1,20,0,1.41E+07,1.70E+07,2.61E+07,2046549,2.39E+07,2.50E+07,5.27E+07,9006333,VPN
5353,17,102488214,12,1,5084,326,841,88,423.6666667,283.8723571,326,326,326,0,52.78655749,0.126843853,8540684.5,1.34E+07,4.93E+07,900649,1.02E+08,9235233.182,1.39E+07,4.93E+07,1023186,0,0,0,0,0,0,0,0,0,96,8,0.117086634,0.009757219,88,841,409.7142857,263.5221283,69443.91209,0,0,0,0,0,0,0,0,0,441.2307692,423.6666667,326,0,0,0,0,0,0,12,5084,1,326,-1,-1,12,0,3167208.333,999812.4947,3972701,2048214,1.55E+07,1.67E+07,4.93E+07,5221195,VPN
57621,17,100138447,3,1,132,44,44,44,44,0,44,44,44,0,1.757566702,0.039944698,3.34E+07,5850695.868,4.01E+07,3.00E+07,6.00E+07,3.00E+07,174.655375,3.00E+07,3.00E+07,0,0,0,0,0,0,0,0,0,24,8,0.029958523,0.009986174,44,44,44,0,0,0,0,0,0,0,0,0,0,0,55,44,44,0,0,0,0,0,0,3,132,1,44,-1,-1,3,0,0,0,0,0,3.34E+07,5850695.868,4.01E+07,3.00E+07,VPN
443,6,119970157,6,7,58,50,29,0,9.666666667,14.97553561,25,0,7.142857143,12.19875091,0.900223878,0.108360282,9997513.083,1.73E+07,4.50E+07,188,1.05E+08,2.10E+07,2.28E+07,4.51E+07,1034,7.50E+07,1.25E+07,1.75E+07,4.51E+07,98196,0,0,0,0,168,212,0.050012438,0.058347844,0,29,7.714285714,12.70631927,161.4505495,0,0,0,0,1,0,0,0,1,8.307692308,9.666666667,7.142857143,0,0,0,0,0,0,6,58,7,50,-1,69,2,0,102032.75,3766.218915,105907,98196,2.99E+07,1.74E+07,4.50E+07,1.47E+07,VPN
0,0,94873474,3,1,0,0,0,0,0,0,0,0,0,0,0,0.042161416,3.16E+07,1.65E+07,5.06E+07,2.11E+07,4.42E+07,2.21E+07,1467575.376,2.32E+07,2.11E+07,0,0,0,0,0,0,0,0,0,0,0,0.031621062,0.010540354,0,0,0,0,0,0,0,0,0,0,0,0,0,0,0,0,0,0,0,0,0,0,0,3,0,1,0,-1,-1,0,0,0,0,0,0,3.16E+07,1.65E+07,5.06E+07,2.11E+07,VPN
7000,6,88438,4,5,41,1665,41,0,10.25,20.5,1448,0,333,630.34673,19290.3503,101.7662091,11054.75,19289.34903,51268,3,36927,12309,20656.52568,36160,185,87677,21919.25,23557.91514,51268,3,0,0,0,0,128,184,45.22942626,56.53678283,0,1448,170.6,453.9249081,206047.8222,0,1,0,0,0,0,0,0,1,189.5555556,10.25,333,0,0,0,0,0,0,4,41,5,1665,-1,2058,1,0,0,0,0,0,0,0,0,0,VPN
63593,6,2,1,1,0,0,0,0,0,0,0,0,0,0,0,1000000,2,0,2,2,0,0,0,0,0,0,0,0,0,0,0,0,0,0,32,32,500000,500000,0,0,0,0,0,0,0,0,0,1,0,0,0,1,0,0,0,0,0,0,0,0,0,1,0,1,0,-1,2058,0,0,0,0,0,0,0,0,0,0,VPN
5353,17,104877292,42,1,12819,45,1303,45,305.2142857,397.8747527,45,45,45,0,122.6576293,0.410002959,2497078.381,3997015.163,2.33E+07,610,1.03E+08,2509194.024,4045888.556,2.33E+07,610,0,0,0,0,0,0,0,0,0,336,8,0.400468006,0.009534953,45,1303,293.3863636,392.3614978,153947.5449,0,0,0,0,0,0,0,0,0,300.2093023,305.2142857,45,0,0,0,0,0,0,42,12819,1,45,-1,-1,42,0,2.06E+07,2.59E+07,5.05E+07,4264521,1.44E+07,8937137.375,2.33E+07,5471419,VPN
1900,17,40019407,20,1,2500,125,125,125,125,0,125,125,125,0,65.59317583,0.524745407,2000970.35,465.8234672,2001713,2000166,3.80E+07,2001012.684,437.2774421,2001713,2000286,0,0,0,0,0,0,0,0,0,160,8,0.49975753,0.024987877,125,125,125,0,0,0,0,0,0,0,0,0,0,0,130.952381,125,125,0,0,0,0,0,0,20,2500,1,125,-1,-1,20,0,0,0,0,0,0,0,0,0,VPN
51789,17,41950935,14,1,3836,274,274,274,274,0,274,274,274,0,97.97159467,0.357560565,2996495.357,1567455.508,6007622,1601330,3.59E+07,2764870.231,1359398.818,5950874,1601330,0,0,0,0,0,0,0,0,0,112,8,0.333723194,0.023837371,274,274,274,0,0,0,0,0,0,0,0,0,0,0,292.2666667,274,274,0,0,0,0,0,0,14,3836,1,274,-1,-1,14,0,2.01E+07,0,2.01E+07,2.01E+07,5979248,40126.89562,6007622,5950874,VPN
51789,17,41850442,18,1,6498,361,361,361,361,0,361,361,361,0,163.8931316,0.453997595,2325024.556,881083.8306,4250263,1281951,3.81E+07,2239155.118,826927.2454,4250263,1281951,0,0,0,0,0,0,0,0,0,144,8,0.430102984,0.02389461,361,361,361,0,0,0,0,0,0,0,0,0,0,0,380,361,361,0,0,0,0,0,0,18,6498,1,361,-1,-1,18,0,0,0,0,0,0,0,0,0,VPN
51789,17,41888691,21,1,7749,369,369,369,369,0,369,369,369,0,193.799324,0.52520142,1994699.571,467456.9106,2958791,1241054,4.01E+07,2005057.45,477121.8146,2958791,1241054,0,0,0,0,0,0,0,0,0,168,8,0.501328628,0.023872792,369,369,369,0,0,0,0,0,0,0,0,0,0,0,385.7727273,369,369,0,0,0,0,0,0,21,7749,1,369,-1,-1,21,0,0,0,0,0,0,0,0,0,VPN
0,0,99776526,4,1,0,0,0,0,0,0,0,0,0,0,0,0.050111987,2.49E+07,5529597.209,3.32E+07,2.13E+07,7.74E+07,2.58E+07,6436336.141,3.32E+07,2.13E+07,0,0,0,0,0,0,0,0,0,0,0,0.04008959,0.010022397,0,0,0,0,0,0,0,0,0,0,0,0,0,0,0,0,0,0,0,0,0,0,0,4,0,1,0,-1,-1,0,0,0,0,0,0,2.49E+07,5529597.209,3.32E+07,2.13E+07,VPN
63467,6,60080653,1,4,11,22,11,11,11,0,11,0,5.5,6.350852961,0.549261673,0.083221466,1.50E+07,3.00E+07,6.01E+07,139,0,0,0,0,0,6.01E+07,2.00E+07,3.47E+07,6.01E+07,179,0,1,0,0,32,128,0.016644293,0.066577173,0,11,7.333333333,5.680375574,32.26666667,0,0,0,1,1,0,0,0,4,8.8,11,5.5,0,0,0,0,0,0,1,11,4,22,-1,2047,1,0,179,0,179,179,6.01E+07,0,6.01E+07,6.01E+07,VPN
56700,17,60012834,1,1,36,36,36,36,36,0,36,36,36,0,1.199743375,0.033326205,6.00E+07,0,6.00E+07,6.00E+07,0,0,0,0,0,0,0,0,0,0,0,0,0,0,8,8,0.016663102,0.016663102,36,36,36,0,0,0,0,0,0,0,0,0,0,1,54,36,36,0,0,0,0,0,0,1,36,1,36,-1,-1,1,0,0,0,0,0,6.00E+07,0,6.00E+07,6.00E+07,VPN
5353,17,98409137,31,1,10308,230,780,136,332.516129,164.5616138,230,230,230,0,107.0835526,0.325173058,3174488.29,8314819.165,3.75E+07,2,9.80E+07,3266680.8,8440832.684,3.75E+07,2,0,0,0,0,0,0,0,0,0,248,8,0.3150114,0.010161658,136,780,326.3030303,161.2607525,26005.0303,0,0,0,0,0,0,0,0,0,336.5,332.516129,230,0,0,0,0,0,0,31,10308,1,230,-1,-1,31,0,5733777,1650812.207,7067988,3887650,2.71E+07,9018851.223,3.75E+07,2.16E+07,VPN
5353,17,99963078,1,1,78,78,78,78,78,0,78,78,78,0,1.560576196,0.020007387,1.00E+08,0,1.00E+08,1.00E+08,0,0,0,0,0,0,0,0,0,0,0,0,0,0,8,8,0.010003694,0.010003694,78,78,78,0,0,0,0,0,0,0,0,0,0,1,117,78,78,0,0,0,0,0,0,1,78,1,78,-1,-1,1,0,0,0,0,0,1.00E+08,0,1.00E+08,1.00E+08,VPN
5353,17,99877246,1,3,495,1485,495,495,495,0,495,495,495,0,19.82433516,0.040049162,3.33E+07,5.77E+07,9.99E+07,3538,0,0,0,0,0,9.99E+07,4.99E+07,7.06E+07,9.99E+07,3538,0,0,0,0,8,24,0.01001229,0.030036871,495,495,495,0,0,0,0,0,0,0,0,0,0,3,618.75,495,495,0,0,0,0,0,0,1,495,3,1485,-1,-1,1,0,3538,0,3538,3538,9.99E+07,0,9.99E+07,9.99E+07,VPN
0,0,44822383,6,1,0,0,0,0,0,0,0,0,0,0,0,0.156171973,7470397.167,1.33E+07,3.29E+07,11412,3.31E+07,6623067,1.47E+07,3.29E+07,11412,0,0,0,0,0,0,0,0,0,0,0,0.133861691,0.022310282,0,0,0,0,0,0,0,0,0,0,0,0,0,0,0,0,0,0,0,0,0,0,0,6,0,1,0,-1,-1,0,0,129011,0,129011,129011,2.23E+07,1.50E+07,3.29E+07,1.17E+07,VPN
5353,17,82534606,26,1,12874,87,1448,110,495.1538462,437.5453067,87,87,87,0,157.0371584,0.327135505,3174407.923,6370551.408,2.69E+07,1,7.69E+07,3076086.48,6481751.667,2.69E+07,1,0,0,0,0,0,0,0,0,0,208,8,0.315019375,0.01211613,87,1448,466,434.4229037,188723.2593,0,0,0,0,0,0,0,0,0,483.2592593,495.1538462,87,0,0,0,0,0,0,26,12874,1,87,-1,-1,26,0,2073911,3295840.371,6964445,102507,1.24E+07,8300497.763,2.69E+07,5632444,VPN
5353,17,100453521,1,1,54,45,54,54,54,0,45,45,45,0,0.985530413,0.019909705,1.00E+08,0,1.00E+08,1.00E+08,0,0,0,0,0,0,0,0,0,0,0,0,0,0,8,8,0.009954853,0.009954853,45,54,48,5.196152423,27,0,0,0,0,0,0,0,0,1,72,54,45,0,0,0,0,0,0,1,54,1,45,-1,-1,1,0,0,0,0,0,1.00E+08,0,1.00E+08,1.00E+08,VPN
50563,17,119841768,39400,6281,5.68E+07,667464,1452,80,1441.994518,113.5499707,1452,32,106.2671549,70.46831934,479649.5325,381.1776208,2623.506305,70173.40576,6740075,0,1.20E+08,3034.852839,79732.29278,6786697,0,1.20E+08,19083.08408,194521.1697,6897068,0,0,0,0,0,315200,50248,328.7668453,52.41077552,32,1452,1258.310232,472.6740741,223420.7804,0,0,0,0,0,0,0,0,0,1258.337777,1441.994518,106.2671549,0,0,0,0,0,0,39400,56814584,6281,667464,-1,-1,39400,0,3.91E+07,4.80E+07,7.30E+07,5220649,6130637,861875.485,6740075,5521199,VPN
9431,17,119195272,118,1,8850,75,75,75,75,0,75,75,75,0,74.87713103,0.998361747,1010129.424,95886.10463,1939548,916708,1.18E+08,1010883.47,95946.51325,1939548,916708,0,0,0,0,0,0,0,0,0,944,8,0.989972153,0.008389595,75,75,75,0,0,0,0,0,0,0,0,0,0,0,75.6302521,75,75,0,0,0,0,0,0,118,8850,1,75,-1,-1,118,0,0,0,0,0,0,0,0,0,VPN
0,0,99943950,353,1,0,0,0,0,0,0,0,0,0,0,0,3.541985283,283127.3371,1462330.636,1.67E+07,0,9.50E+07,269967.2955,1443327.457,1.67E+07,0,0,0,0,0,0,0,0,0,0,0,0,3.531979675,0.010005608,0,0,0,0,0,0,0,0,0,0,0,0,0,0,0,0,0,0,0,0,0,0,0,353,0,1,0,-1,-1,0,0,1.08E+07,1.17E+07,2.72E+07,2050552,1.14E+07,3450170.122,1.67E+07,7987016,VPN
5353,17,70346942,26,1,8612,202,657,121,331.2307692,127.6912864,202,202,202,0,125.2932928,0.383811993,2705651.615,6298904.522,2.70E+07,2,7.00E+07,2801609.16,6409367.662,2.70E+07,2,0,0,0,0,0,0,0,0,0,208,8,0.369596734,0.014215259,121,657,322,127.4597976,16246,0,0,0,0,0,0,0,0,0,333.9259259,331.2307692,202,0,0,0,0,0,0,26,8612,1,202,-1,-1,26,0,1.78E+07,0,1.78E+07,1.78E+07,1.75E+07,1.06E+07,2.70E+07,6143507,VPN
5353,17,105502773,2,1,830,415,415,415,415,0,415,415,415,0,11.8006377,0.028435272,5.28E+07,1.83E+07,6.57E+07,3.98E+07,6.57E+07,6.57E+07,0,6.57E+07,6.57E+07,0,0,0,0,0,0,0,0,0,16,8,0.018956848,0.009478424,415,415,415,0,0,0,0,0,0,0,0,0,0,0,553.3333333,415,415,0,0,0,0,0,0,2,830,1,415,-1,-1,2,0,0,0,0,0,5.28E+07,1.83E+07,6.57E+07,3.98E+07,VPN
0,0,105369866,2,1,0,0,0,0,0,0,0,0,0,0,0,0.028471138,5.27E+07,1.88E+07,6.59E+07,3.94E+07,6.59E+07,6.59E+07,0,6.59E+07,6.59E+07,0,0,0,0,0,0,0,0,0,0,0,0.018980759,0.009490379,0,0,0,0,0,0,0,0,0,0,0,0,0,0,0,0,0,0,0,0,0,0,0,2,0,1,0,-1,-1,0,0,0,0,0,0,5.27E+07,1.88E+07,6.59E+07,3.94E+07,VPN
5353,17,81201730,3,1,637,66,487,66,212.3333333,238.0385123,66,66,66,0,8.657451017,0.049260034,2.71E+07,2.46E+07,5.42E+07,6250321,2.70E+07,1.35E+07,1.03E+07,2.08E+07,6250321,0,0,0,0,0,0,0,0,0,24,8,0.036945026,0.012315009,66,487,153.8,186.4274658,34755.2,0,0,0,0,0,0,0,0,0,192.25,212.3333333,66,0,0,0,0,0,0,3,637,1,66,-1,-1,3,0,0,0,0,0,2.71E+07,2.46E+07,5.42E+07,6250321,VPN
443,6,109018631,11,7,370,500,74,0,33.63636364,38.64523962,74,71,71.42857143,1.133893419,7.980287333,0.165109393,6412860.647,1.05E+07,2.93E+07,143,1.09E+08,1.09E+07,1.19E+07,2.93E+07,24392,1.09E+08,1.82E+07,9960157.81,2.93E+07,30956,0,1,0,0,352,224,0.100900185,0.064209208,0,74,49.68421053,34.70198943,1204.22807,0,0,0,1,1,0,0,0,0,52.44444444,33.63636364,71.42857143,0,0,0,0,0,0,11,370,7,500,-1,274,5,0,28261.4,3270.563606,31171,24697,2.18E+07,5028130.743,2.93E+07,1.53E+07,VPN
443,6,93024048,7,9,105,159,35,0,15,18.70828693,35,0,17.66666667,16.80773631,2.837975832,0.171998535,6201603.2,1.28E+07,3.10E+07,3,9.30E+07,1.55E+07,1.69E+07,3.10E+07,38882,9.30E+07,1.16E+07,1.60E+07,3.10E+07,3,0,1,0,0,224,288,0.075249359,0.096749176,0,35,17.58823529,17.15757421,294.3823529,0,0,0,1,1,0,0,0,1,18.6875,15,17.66666667,0,0,0,0,0,0,7,105,9,159,-1,267,3,0,41316.33333,1968.873874,43494,39662,3.10E+07,31960.48337,3.10E+07,3.09E+07,VPN
443,6,90113604,7,9,129,203,43,0,18.42857143,22.9844668,43,0,22.55555556,21.41909844,3.684238398,0.177553658,6007573.6,1.24E+07,3.00E+07,1,9.01E+07,1.50E+07,1.64E+07,3.00E+07,20005,9.01E+07,1.13E+07,1.55E+07,3.00E+07,1,0,1,0,0,224,288,0.077679725,0.099873932,0,43,22.05882353,21.4664581,460.8088235,0,0,0,1,1,0,0,0,1,23.4375,18.42857143,22.55555556,0,0,0,0,0,0,7,129,9,203,-1,270,3,0,24869.66667,4295.070702,28138,20005,3.00E+07,1441.653218,3.00E+07,3.00E+07,VPN
5353,17,61028582,1,1,85,85,85,85,85,0,85,85,85,0,2.785580042,0.03277153,6.10E+07,0,6.10E+07,6.10E+07,0,0,0,0,0,0,0,0,0,0,0,0,0,0,8,8,0.016385765,0.016385765,85,85,85,0,0,0,0,0,0,0,0,0,0,1,127.5,85,85,0,0,0,0,0,0,1,85,1,85,-1,-1,1,0,0,0,0,0,6.10E+07,0,6.10E+07,6.10E+07,VPN
5353,17,116227171,9,1,1096,326,392,88,121.7777778,101.3333333,326,326,326,0,12.23466069,0.086038401,1.29E+07,2.38E+07,7.27E+07,511697,1.16E+08,1.45E+07,2.50E+07,7.27E+07,512400,0,0,0,0,0,0,0,0,0,72,8,0.077434561,0.00860384,88,392,158.9090909,122.6356021,15039.49091,0,0,0,0,0,0,0,0,0,174.8,121.7777778,326,0,0,0,0,0,0,9,1096,1,326,-1,-1,9,0,3003191,1713945.989,3993767,1024097,3.57E+07,3.31E+07,7.27E+07,9011095,VPN
5353,17,93350109,3,1,584,45,396,94,194.6666667,174.3597813,45,45,45,0,6.738074618,0.042849441,3.11E+07,3.18E+07,6.74E+07,8143350,8.52E+07,4.26E+07,3.51E+07,6.74E+07,1.78E+07,0,0,0,0,0,0,0,0,0,24,8,0.032137081,0.01071236,45,396,134.8,148.0564082,21920.7,0,0,0,0,0,0,0,0,0,168.5,194.6666667,45,0,0,0,0,0,0,3,584,1,45,-1,-1,3,0,0,0,0,0,3.11E+07,3.18E+07,6.74E+07,8143350,VPN
5353,17,99539339,7,1,1305,197,197,160,186.4285714,18.05415135,197,197,197,0,15.08951149,0.080370234,1.42E+07,1.66E+07,3.83E+07,921844,9.86E+07,1.64E+07,1.70E+07,3.83E+07,921844,0,0,0,0,0,0,0,0,0,56,8,0.070323955,0.010046279,160,197,188.7777778,16.31546642,266.1944444,0,0,0,0,0,0,0,0,0,212.375,186.4285714,197,0,0,0,0,0,0,7,1305,1,197,-1,-1,7,0,976260.5,67369.59858,1023898,928623,2.42E+07,1.56E+07,3.83E+07,1.00E+07,VPN
63467,6,60080693,1,4,11,22,11,11,11,0,11,0,5.5,6.350852961,0.549261308,0.08322141,1.50E+07,3.00E+07,6.01E+07,171,0,0,0,0,0,6.01E+07,2.00E+07,3.47E+07,6.01E+07,218,0,1,0,0,32,128,0.016644282,0.066577128,0,11,7.333333333,5.680375574,32.26666667,0,0,0,1,1,0,0,0,4,8.8,11,5.5,0,0,0,0,0,0,1,11,4,22,-1,2047,1,0,218,0,218,218,6.01E+07,0,6.01E+07,6.01E+07,VPN
57621,17,88799637,2,1,88,44,44,44,44,0,44,44,44,0,1.486492563,0.033783922,4.44E+07,1.23E+07,5.31E+07,3.57E+07,3.57E+07,3.57E+07,0,3.57E+07,3.57E+07,0,0,0,0,0,0,0,0,0,16,8,0.022522615,0.011261307,44,44,44,0,0,0,0,0,0,0,0,0,0,0,58.66666667,44,44,0,0,0,0,0,0,2,88,1,44,-1,-1,2,0,0,0,0,0,4.44E+07,1.23E+07,5.31E+07,3.57E+07,VPN
56700,17,60002380,1,1,36,36,36,36,36,0,36,36,36,0,1.199952402,0.033332011,6.00E+07,0,6.00E+07,6.00E+07,0,0,0,0,0,0,0,0,0,0,0,0,0,0,8,8,0.016666006,0.016666006,36,36,36,0,0,0,0,0,0,0,0,0,0,1,54,36,36,0,0,0,0,0,0,1,36,1,36,-1,-1,1,0,0,0,0,0,6.00E+07,0,6.00E+07,6.00E+07,VPN
57621,17,103115397,4,1,160,40,40,40,40,0,40,40,40,0,1.939574553,0.048489364,2.58E+07,1.77E+07,4.00E+07,2,1.03E+08,3.44E+07,5137977.628,4.00E+07,3.00E+07,0,0,0,0,0,0,0,0,0,32,8,0.038791491,0.009697873,40,40,40,0,0,0,0,0,0,0,0,0,0,0,48,40,40,0,0,0,0,0,0,4,160,1,40,-1,-1,4,0,2,0,2,2,3.44E+07,5137977.628,4.00E+07,3.00E+07,VPN
443,6,119983875,6,7,58,50,29,0,9.666666667,14.97553561,25,0,7.142857143,12.19875091,0.900120954,0.108347893,9998656.25,1.73E+07,4.50E+07,183,1.05E+08,2.10E+07,2.28E+07,4.51E+07,332,1.20E+08,2.00E+07,2.05E+07,4.51E+07,98775,0,0,0,0,168,224,0.05000672,0.058341173,0,29,7.714285714,12.70631927,161.4505495,0,0,0,0,1,0,0,0,1,8.307692308,9.666666667,7.142857143,0,0,0,0,0,0,6,58,7,50,-1,69,2,0,99141,509.5762946,99723,98775,2.99E+07,1.74E+07,4.50E+07,1.48E+07,VPN
5353,17,81201729,1,1,66,66,66,66,66,0,66,66,66,0,1.62558115,0.024630017,8.12E+07,0,8.12E+07,8.12E+07,0,0,0,0,0,0,0,0,0,0,0,0,0,0,8,8,0.012315009,0.012315009,66,66,66,0,0,0,0,0,0,0,0,0,0,1,99,66,66,0,0,0,0,0,0,1,66,1,66,-1,-1,1,0,0,0,0,0,8.12E+07,0,8.12E+07,8.12E+07,VPN
5353,17,87241293,6,1,886,93,184,57,147.6666667,57.42705518,93,93,93,0,11.22175023,0.080237234,1.45E+07,1.99E+07,5.00E+07,1023989,3.73E+07,7454433,1.08E+07,2.66E+07,1023989,0,0,0,0,0,0,0,0,0,48,8,0.068774772,0.011462462,57,184,134,54.73572873,2996,0,0,0,0,0,0,0,0,0,153.1428571,147.6666667,93,0,0,0,0,0,0,6,886,1,93,-1,-1,6,0,0,0,0,0,3.83E+07,1.65E+07,5.00E+07,2.66E+07,VPN
0,0,94207292,3,1,0,0,0,0,0,0,0,0,0,0,0,0.042459558,3.14E+07,1.17E+07,4.41E+07,2.12E+07,5.01E+07,2.50E+07,5424042.17,2.89E+07,2.12E+07,0,0,0,0,0,0,0,0,0,0,0,0.031844669,0.01061489,0,0,0,0,0,0,0,0,0,0,0,0,0,0,0,0,0,0,0,0,0,0,0,3,0,1,0,-1,-1,0,0,0,0,0,0,3.14E+07,1.17E+07,4.41E+07,2.12E+07,VPN
0,0,99116122,3,1,0,0,0,0,0,0,0,0,0,0,0,0.040356704,3.30E+07,1.53E+07,4.98E+07,1.99E+07,4.93E+07,2.46E+07,6670279.688,2.94E+07,1.99E+07,0,0,0,0,0,0,0,0,0,0,0,0.030267528,0.010089176,0,0,0,0,0,0,0,0,0,0,0,0,0,0,0,0,0,0,0,0,0,0,0,3,0,1,0,-1,-1,0,0,0,0,0,0,3.30E+07,1.53E+07,4.98E+07,1.99E+07,VPN
5353,17,117969001,8,1,1431,247,272,41,178.875,96.0199942,247,247,247,0,14.2240757,0.076291228,1.47E+07,2.10E+07,4.98E+07,2,1.18E+08,1.68E+07,2.17E+07,4.98E+07,2,0,0,0,0,0,0,0,0,0,64,8,0.067814425,0.008476803,41,272,192.5,89.42066627,7996.055556,0,0,0,0,0,0,0,0,0,213.8888889,178.875,247,0,0,0,0,0,0,8,1431,1,247,-1,-1,8,0,1997263.5,2679407.906,3891891,102636,3.70E+07,1.86E+07,4.98E+07,1.57E+07,VPN
50563,17,119540632,36227,5759,5.22E+07,633820,1452,80,1440.44442,121.4593094,1452,32,110.0573016,87.75235242,441831.3599,351.227857,2847.222389,79220.85575,7150199,0,1.20E+08,3299.857285,89261.29295,7309224,0,1.19E+08,20733.43314,218140.6344,7307672,0,0,0,0,0,289816,46072,303.051769,48.17608794,32,1452,1257.966799,472.5015456,223257.7106,0,0,0,0,0,0,0,0,0,1257.996761,1440.44442,110.0573016,0,0,0,0,0,0,36227,52182980,5759,633820,-1,-1,36227,0,4.27E+07,4.50E+07,7.45E+07,1.09E+07,6429144,1019725.76,7150199,5708089,VPN
9431,17,119200290,115,1,8625,75,75,75,75,0,75,75,75,0,72.98639961,0.973151995,1036524.261,367304.4564,4915521,916675,1.18E+08,1036631.719,368924.3019,4915521,916675,0,0,0,0,0,0,0,0,0,920,8,0.964762754,0.008389241,75,75,75,0,0,0,0,0,0,0,0,0,0,0,75.64655172,75,75,0,0,0,0,0,0,115,8625,1,75,-1,-1,115,0,0,0,0,0,0,0,0,0,VPN
0,0,99943916,99,1,0,0,0,0,0,0,0,0,0,0,0,1.000561155,1009534.505,3143441.818,2.01E+07,0,9.46E+07,965499.3163,3128760.939,2.01E+07,0,0,0,0,0,0,0,0,0,0,0,0,0.990555543,0.010005612,0,0,0,0,0,0,0,0,0,0,0,0,0,0,0,0,0,0,0,0,0,0,0,99,0,1,0,-1,-1,0,0,7167410,6118684.577,1.08E+07,102416,1.19E+07,5681961.939,2.01E+07,5324983,VPN
137,17,3995095,3,1,150,50,50,50,50,0,50,50,50,0,50.06138778,1.001227756,1331698.333,622568.6504,2048124,922081,1946971,973485.5,72696.94107,1024890,922081,0,0,0,0,0,0,0,0,0,24,8,0.750920817,0.250306939,50,50,50,0,0,0,0,0,0,0,0,0,0,0,62.5,50,50,0,0,0,0,0,0,3,150,1,50,-1,-1,3,0,0,0,0,0,0,0,0,0,VPN
137,17,100248363,7,1,350,50,50,50,50,0,50,50,50,0,3.990090093,0.079801802,1.43E+07,2.61E+07,6.95E+07,165,1.00E+08,1.67E+07,2.78E+07,6.95E+07,165,0,0,0,0,0,0,0,0,0,56,8,0.069826577,0.009975225,50,50,50,0,0,0,0,0,0,0,0,0,0,0,56.25,50,50,0,0,0,0,0,0,7,350,1,50,-1,-1,7,0,98436,138976.181,196707,165,4.76E+07,3.10E+07,6.95E+07,2.57E+07,VPN
137,17,100451030,7,1,350,50,50,50,50,0,50,50,50,0,3.982039806,0.079640796,1.44E+07,3.57E+07,9.52E+07,0,1.00E+08,1.67E+07,3.85E+07,9.52E+07,0,0,0,0,0,0,0,0,0,0,56,8,0.069685697,0.0099551,50,50,50,0,0,0,0,0,0,0,0,0,0,0,56.25,50,50,0,0,0,0,0,0,7,350,1,50,-1,-1,7,0,199015,0,199015,199015,5.01E+07,6.38E+07,9.52E+07,5015726,VPN
138,17,90115233,1,1,223,183,223,223,223,0,183,183,183,0,4.505342621,0.022193806,9.01E+07,0,9.01E+07,9.01E+07,0,0,0,0,0,0,0,0,0,0,0,0,0,0,8,8,0.011096903,0.011096903,183,223,196.3333333,23.09401077,533.3333333,0,0,0,0,0,0,0,0,1,294.5,223,183,0,0,0,0,0,0,1,223,1,183,-1,-1,1,0,0,0,0,0,9.01E+07,0,9.01E+07,9.01E+07,VPN
443,6,101933642,11,7,370,500,74,0,33.63636364,38.64523962,74,71,71.42857143,1.133893419,8.534964345,0.176585469,5996096.588,9750379.669,2.65E+07,162,1.02E+08,1.02E+07,1.10E+07,2.65E+07,23349,1.02E+08,1.70E+07,9007713.153,2.66E+07,30429,0,1,0,0,352,224,0.107913342,0.068672127,0,74,49.68421053,34.70198943,1204.22807,0,0,0,1,1,0,0,0,0,52.44444444,33.63636364,71.42857143,0,0,0,0,0,0,11,370,7,500,-1,274,5,0,26519.4,3827.783275,30713,23349,2.04E+07,3891661.349,2.65E+07,1.65E+07,VPN
1900,17,38511419,4,1,1132,380,390,101,283,125.7325203,380,380,380,0,39.26108254,0.129831622,9627854.75,1.93E+07,3.85E+07,1,3.85E+07,1.28E+07,2.22E+07,3.85E+07,1,0,0,0,0,0,0,0,0,0,32,8,0.103865298,0.025966324,101,390,315.3333333,109.5183394,11994.26667,0,0,0,0,0,0,0,0,0,378.4,283,380,0,0,0,0,0,0,4,1132,1,380,-1,-1,4,0,1053,0,1053,1053,3.85E+07,0,3.85E+07,3.85E+07,VPN
5353,17,3283,0,2,0,990,0,0,0,0,495,495,495,0,301553.4572,609.1989034,3283,0,3283,3283,0,0,0,0,0,3283,3283,0,3283,3283,0,0,0,0,0,16,0,609.1989034,495,495,495,0,0,0,0,0,0,0,0,0,0,0,742.5,0,495,0,0,0,0,0,0,0,0,2,990,-1,-1,0,0,0,0,0,0,0,0,0,0,VPN
5353,17,79468402,4,1,533,50,349,50,133.25,144.7235871,50,50,50,0,7.336249192,0.062918089,1.99E+07,2.14E+07,4.42E+07,104702,7.94E+07,2.65E+07,2.06E+07,4.42E+07,3893494,0,0,0,0,0,0,0,0,0,32,8,0.050334471,0.012583618,50,349,105.5,120.0629002,14415.1,0,0,0,0,0,0,0,0,0,126.6,133.25,50,0,0,0,0,0,0,4,533,1,50,-1,-1,4,0,1999098,2679080.516,3893494,104702,3.77E+07,9192185.923,4.42E+07,3.12E+07,VPN
443,6,90104249,7,9,129,203,43,0,18.42857143,22.9844668,43,0,22.55555556,21.41909844,3.684620911,0.177572092,6006949.933,1.24E+07,3.00E+07,1,9.01E+07,1.50E+07,1.64E+07,3.00E+07,20394,9.01E+07,1.13E+07,1.55E+07,3.00E+07,1,0,1,0,0,224,288,0.07768779,0.099884302,0,43,22.05882353,21.4664581,460.8088235,0,0,0,1,1,0,0,0,1,23.4375,18.42857143,22.55555556,0,0,0,0,0,0,7,129,9,203,-1,270,3,0,24313.66667,3028.101771,27804,22388,3.00E+07,1853.597853,3.00E+07,3.00E+07,VPN
5353,17,72807180,2,1,184,260,92,92,92,0,260,260,260,0,6.098299646,0.041204727,3.64E+07,4.79E+07,7.02E+07,2559967,7.02E+07,7.02E+07,0,7.02E+07,7.02E+07,0,0,0,0,0,0,0,0,0,16,8,0.027469818,0.013734909,92,260,176,96.99484522,9408,0,0,0,0,0,0,0,0,0,234.6666667,92,260,0,0,0,0,0,0,2,184,1,260,-1,-1,2,0,2559967,0,2559967,2559967,7.02E+07,0,7.02E+07,7.02E+07,VPN
443,6,93055745,7,9,105,159,35,0,15,18.70828693,35,0,17.66666667,16.80773631,2.83700915,0.171939948,6203716.333,1.28E+07,3.10E+07,124,9.30E+07,1.55E+07,1.69E+07,3.10E+07,32983,9.31E+07,1.16E+07,1.60E+07,3.10E+07,1920,0,1,0,0,224,288,0.075223727,0.096716221,0,35,17.58823529,17.15757421,294.3823529,0,0,0,1,1,0,0,0,1,18.6875,15,17.66666667,0,0,0,0,0,0,7,105,9,159,-1,267,3,0,36363,2819.628876,38170,33114,3.10E+07,28555.08155,3.10E+07,3.09E+07,VPN
5353,17,60928037,1,1,85,85,85,85,85,0,85,85,85,0,2.790176877,0.03282561,6.09E+07,0,6.09E+07,6.09E+07,0,0,0,0,0,0,0,0,0,0,0,0,0,0,8,8,0.016412805,0.016412805,85,85,85,0,0,0,0,0,0,0,0,0,0,1,127.5,85,85,0,0,0,0,0,0,1,85,1,85,-1,-1,1,0,0,0,0,0,6.09E+07,0,6.09E+07,6.09E+07,VPN
5353,17,40143371,6,1,1004,88,326,88,167.3333333,122.9026715,88,88,88,0,27.20249876,0.174374992,6690561.833,1.03E+07,2.71E+07,920793,3.91E+07,7823502.2,1.11E+07,2.71E+07,920793,0,0,0,0,0,0,0,0,0,48,8,0.149464279,0.024910713,88,326,147.5,110.1725919,12138,0,0,0,0,0,0,0,0,0,168.5714286,167.3333333,88,0,0,0,0,0,0,6,1004,1,88,-1,-1,6,0,2971385.5,1448535.818,3995655,1947116,1.71E+07,1.42E+07,2.71E+07,7063869,VPN
5353,17,47079421,1,1,94,45,94,94,94,0,45,45,45,0,2.95245772,0.042481406,4.71E+07,0,4.71E+07,4.71E+07,0,0,0,0,0,0,0,0,0,0,0,0,0,0,8,8,0.021240703,0.021240703,45,94,61.33333333,28.29016319,800.3333333,0,0,0,0,0,0,0,0,1,92,94,45,0,0,0,0,0,0,1,94,1,45,-1,-1,1,0,0,0,0,0,4.71E+07,0,4.71E+07,4.71E+07,VPN
5353,17,116532465,7,1,1342,160,197,160,191.7142857,13.9846855,160,160,160,0,12.88911206,0.068650397,1.66E+07,1.83E+07,4.83E+07,1024029,9.96E+07,1.66E+07,2.00E+07,4.83E+07,1024029,0,0,0,0,0,0,0,0,0,56,8,0.060069097,0.0085813,160,197,184.6666667,18.5,342.25,0,0,0,0,0,0,0,0,0,207.75,191.7142857,160,0,0,0,0,0,0,7,1342,1,160,-1,-1,7,0,1024043.5,20.50609665,1024058,1024029,2.84E+07,1.55E+07,4.83E+07,1.54E+07,VPN
51789,17,119366139,1,1,369,369,369,369,369,0,369,369,369,0,6.182657881,0.01675517,1.19E+08,0,1.19E+08,1.19E+08,0,0,0,0,0,0,0,0,0,0,0,0,0,0,8,8,0.008377585,0.008377585,369,369,369,0,0,0,0,0,0,0,0,0,0,1,553.5,369,369,0,0,0,0,0,0,1,369,1,369,-1,-1,1,0,0,0,0,0,1.19E+08,0,1.19E+08,1.19E+08,VPN
63467,6,60077504,1,4,11,22,11,11,11,0,11,0,5.5,6.350852961,0.549290463,0.083225828,1.50E+07,3.00E+07,6.01E+07,127,0,0,0,0,0,6.01E+07,2.00E+07,3.47E+07,6.01E+07,239,0,1,0,0,32,128,0.016645166,0.066580662,0,11,7.333333333,5.680375574,32.26666667,0,0,0,1,1,0,0,0,4,8.8,11,5.5,0,0,0,0,0,0,1,11,4,22,-1,2047,1,0,239,0,239,239,6.01E+07,0,6.01E+07,6.01E+07,VPN
56700,17,60006958,1,1,36,36,36,36,36,0,36,36,36,0,1.199860856,0.033329468,6.00E+07,0,6.00E+07,6.00E+07,0,0,0,0,0,0,0,0,0,0,0,0,0,0,8,8,0.016664734,0.016664734,36,36,36,0,0,0,0,0,0,0,0,0,0,1,54,36,36,0,0,0,0,0,0,1,36,1,36,-1,-1,1,0,0,0,0,0,6.00E+07,0,6.00E+07,6.00E+07,VPN
443,6,105277365,6,6,58,50,29,0,9.666666667,14.97553561,25,0,8.333333333,12.90994449,1.025861542,0.113984616,9570669.545,1.81E+07,4.50E+07,142,1.05E+08,2.10E+07,2.28E+07,4.51E+07,272,1.05E+08,2.11E+07,2.28E+07,4.51E+07,99963,0,1,0,0,168,192,0.056992308,0.056992308,0,29,10.23076923,13.52869694,183.025641,0,0,0,1,1,0,0,0,1,11.08333333,9.666666667,8.333333333,0,0,0,0,0,0,6,58,6,50,-1,69,2,0,101838.6667,2077.095167,104071,99963,3.50E+07,1.74E+07,4.50E+07,1.49E+07,VPN
57621,17,84104209,2,1,88,44,44,44,44,0,44,44,44,0,1.569481499,0.035670034,4.21E+07,5865450.043,4.62E+07,3.79E+07,4.62E+07,4.62E+07,0,4.62E+07,4.62E+07,0,0,0,0,0,0,0,0,0,16,8,0.023780023,0.011890011,44,44,44,0,0,0,0,0,0,0,0,0,0,0,58.66666667,44,44,0,0,0,0,0,0,2,88,1,44,-1,-1,2,0,0,0,0,0,4.21E+07,5865450.043,4.62E+07,3.79E+07,VPN
0,0,51999129,1,1,0,0,0,0,0,0,0,0,0,0,0,0.038462183,5.20E+07,0,5.20E+07,5.20E+07,0,0,0,0,0,0,0,0,0,0,0,0,0,0,0,0,0.019231091,0.019231091,0,0,0,0,0,0,0,0,0,0,0,0,0,1,0,0,0,0,0,0,0,0,0,1,0,1,0,-1,-1,0,0,0,0,0,0,5.20E+07,0,5.20E+07,5.20E+07,VPN
57621,17,119097758,6,1,240,40,40,40,40,0,40,40,40,0,2.351009832,0.058775246,1.98E+07,1.43E+07,3.00E+07,2,8.91E+07,1.78E+07,1.50E+07,3.00E+07,2,0,0,0,0,0,0,0,0,0,48,8,0.050378782,0.008396464,40,40,40,0,0,0,0,0,0,0,0,0,0,0,45.71428571,40,40,0,0,0,0,0,0,6,240,1,40,-1,-1,6,0,3071850,0,3071850,3071850,2.90E+07,2000844.719,3.00E+07,2.60E+07,VPN
0,0,69126665,3,1,0,0,0,0,0,0,0,0,0,0,0,0.057864791,2.30E+07,2722644.989,2.62E+07,2.13E+07,4.75E+07,2.37E+07,3440545.424,2.62E+07,2.13E+07,0,0,0,0,0,0,0,0,0,0,0,0.043398593,0.014466198,0,0,0,0,0,0,0,0,0,0,0,0,0,0,0,0,0,0,0,0,0,0,0,3,0,1,0,-1,-1,0,0,0,0,0,0,2.30E+07,2722644.989,2.62E+07,2.13E+07,VPN
0,0,68774848,3,1,0,0,0,0,0,0,0,0,0,0,0,0.058160797,2.29E+07,7766707.909,3.14E+07,1.62E+07,5.26E+07,2.63E+07,7267398.838,3.14E+07,2.11E+07,0,0,0,0,0,0,0,0,0,0,0,0.043620598,0.014540199,0,0,0,0,0,0,0,0,0,0,0,0,0,0,0,0,0,0,0,0,0,0,0,3,0,1,0,-1,-1,0,0,0,0,0,0,2.29E+07,7766707.909,3.14E+07,1.62E+07,VPN
5353,17,74550348,3,1,428,87,272,35,142.6666667,119.9763866,87,87,87,0,6.908083112,0.053655014,2.49E+07,4.19E+07,7.32E+07,2,7.32E+07,3.66E+07,5.18E+07,7.32E+07,2,0,0,0,0,0,0,0,0,0,24,8,0.040241261,0.013413754,35,272,120.4,90.14876594,8126.8,0,0,0,0,0,0,0,0,0,150.5,142.6666667,87,0,0,0,0,0,0,3,428,1,87,-1,-1,3,0,1333621,0,1333621,1333621,7.32E+07,0,7.32E+07,7.32E+07,VPN
5353,17,82432462,28,1,9717,411,780,152,347.0357143,158.9165824,411,411,411,0,122.8642182,0.351803153,2944016.5,9271919.604,4.84E+07,1,8.21E+07,3041701.852,9433849.119,4.84E+07,1,0,0,0,0,0,0,0,0,0,224,8,0.339672009,0.012131143,152,780,351.3,154.1951629,23776.14828,0,0,0,0,0,0,0,0,0,363.4137931,347.0357143,411,0,0,0,0,0,0,28,9717,1,411,-1,-1,28,0,7063903,0,7063903,7063903,2.24E+07,2.28E+07,4.84E+07,6245778,VPN
5353,17,3993900,1,1,50,50,50,50,50,0,50,50,50,0,25.03818323,0.500763665,3993900,0,3993900,3993900,0,0,0,0,0,0,0,0,0,0,0,0,0,0,8,8,0.250381832,0.250381832,50,50,50,0,0,0,0,0,0,0,0,0,0,1,75,50,50,0,0,0,0,0,0,1,50,1,50,-1,-1,1,0,0,0,0,0,0,0,0,0,VPN
50563,17,119251944,31098,5135,4.47E+07,576536,1452,80,1437.982893,133.5150785,1452,32,112.2757546,98.55405887,379825.4895,303.8357178,3291.343122,79405.38275,7678960,0,1.19E+08,3829.512397,90348.18429,7680109,0,1.19E+08,23197.23432,214969.2725,7679853,0,0,0,0,0,248784,41080,260.7756231,43.06009468,32,1452,1250.0701,480.0913451,230487.6997,0,0,0,0,0,0,0,0,0,1250.104601,1437.982893,112.2757546,0,0,0,0,0,0,31098,44718392,5135,576536,-1,-1,31098,0,4.10E+07,0,4.10E+07,4.10E+07,7678960,0,7678960,7678960,VPN
9431,17,119195144,117,1,8775,75,75,75,75,0,75,75,75,0,74.24799118,0.989973216,1018761.915,189382.2143,2968038,817324,1.18E+08,1018717.491,190203.2207,2968038,817324,0,0,0,0,0,0,0,0,0,936,8,0.981583612,0.008389604,75,75,75,0,0,0,0,0,0,0,0,0,0,0,75.63559322,75,75,0,0,0,0,0,0,117,8775,1,75,-1,-1,117,0,0,0,0,0,0,0,0,0,VPN
0,0,119916904,360,1,0,0,0,0,0,0,0,0,0,0,0,3.010417947,333102.5111,1904087.698,2.01E+07,0,1.07E+08,297794.8663,1784835.253,2.01E+07,0,0,0,0,0,0,0,0,0,0,0,0,3.00207884,0.008339108,0,0,0,0,0,0,0,0,0,0,0,0,0,0,0,0,0,0,0,0,0,0,0,360,0,1,0,-1,-1,0,0,1.09E+07,6878887.357,1.80E+07,4305728,1.25E+07,5813880.325,2.01E+07,5732269,VPN
5353,17,112229669,2,1,186,41,93,93,93,0,41,41,41,0,2.02263806,0.026730899,5.61E+07,5.56E+07,9.54E+07,1.68E+07,9.54E+07,9.54E+07,0,9.54E+07,9.54E+07,0,0,0,0,0,0,0,0,0,16,8,0.0178206,0.0089103,41,93,67,30.022214,901.3333333,0,0,0,0,0,0,0,0,0,89.33333333,93,41,0,0,0,0,0,0,2,186,1,41,-1,-1,2,0,0,0,0,0,5.61E+07,5.56E+07,9.54E+07,1.68E+07,VPN
443,6,90131467,7,9,129,203,43,0,18.42857143,22.9844668,43,0,22.55555556,21.41909844,3.683508225,0.177518469,6008764.467,1.24E+07,3.00E+07,1,9.01E+07,1.50E+07,1.64E+07,3.00E+07,22881,9.01E+07,1.13E+07,1.55E+07,3.00E+07,1,0,1,0,0,224,288,0.07766433,0.099854139,0,43,22.05882353,21.4664581,460.8088235,0,0,0,1,1,0,0,0,1,23.4375,18.42857143,22.55555556,0,0,0,0,0,0,7,129,9,203,-1,270,3,0,25999.66667,2700.891951,27575,22881,3.00E+07,2212.495725,3.00E+07,3.00E+07,VPN
443,6,93071632,7,9,105,159,35,0,15,18.70828693,35,0,17.66666667,16.80773631,2.836524882,0.171910599,6204775.467,1.28E+07,3.10E+07,103,9.30E+07,1.55E+07,1.69E+07,3.10E+07,32038,9.31E+07,1.16E+07,1.60E+07,3.10E+07,1531,0,1,0,0,224,288,0.075210887,0.096699712,0,35,17.58823529,17.15757421,294.3823529,0,0,0,1,1,0,0,0,1,18.6875,15,17.66666667,0,0,0,0,0,0,7,105,9,159,-1,267,3,0,34754.66667,4040.598141,39398,32038,3.10E+07,13893.39305,3.10E+07,3.10E+07,VPN
137,17,4300742,3,1,150,50,50,50,50,0,50,50,50,0,46.50360333,0.930072067,1433580.667,1154425.986,2150822,101886,4198856,2099428,72682.09182,2150822,2048034,0,0,0,0,0,0,0,0,0,24,8,0.69755405,0.232518017,50,50,50,0,0,0,0,0,0,0,0,0,0,0,62.5,50,50,0,0,0,0,0,0,3,150,1,50,-1,-1,3,0,0,0,0,0,0,0,0,0,VPN
137,17,4202641,3,1,150,50,50,50,50,0,50,50,50,0,47.58912313,0.951782463,1400880.333,1124574.669,2052421,102336,4100305,2050152.5,3208.143466,2052421,2047884,0,0,0,0,0,0,0,0,0,24,8,0.713836847,0.237945616,50,50,50,0,0,0,0,0,0,0,0,0,0,0,62.5,50,50,0,0,0,0,0,0,3,150,1,50,-1,-1,3,0,0,0,0,0,0,0,0,0,VPN
5353,17,95031804,5,1,948,160,197,160,189.6,16.54690303,160,160,160,0,11.65925462,0.063136758,1.90E+07,2.29E+07,4.47E+07,1023188,5.03E+07,1.26E+07,2.06E+07,4.34E+07,1023188,0,0,0,0,0,0,0,0,0,40,8,0.052613965,0.010522793,160,197,181.1428571,19.7773319,391.1428571,0,0,0,0,0,0,0,0,0,211.3333333,189.6,160,0,0,0,0,0,0,5,948,1,160,-1,-1,5,0,5836622,0,5836622,5836622,4.41E+07,940067.3529,4.47E+07,4.34E+07,VPN
443,6,113974299,11,7,370,500,74,0,33.63636364,38.64523962,74,71,71.42857143,1.133893419,7.633299855,0.157930342,6704370.529,1.08E+07,2.76E+07,171,1.14E+08,1.14E+07,1.22E+07,2.76E+07,23493,1.14E+08,1.90E+07,9833160.37,2.76E+07,23337,0,1,0,0,352,224,0.096512987,0.061417355,0,74,49.68421053,34.70198943,1204.22807,0,0,0,1,1,0,0,0,0,52.44444444,33.63636364,71.42857143,0,0,0,0,0,0,11,370,7,500,-1,274,5,0,25587.6,2761.533143,30414,23545,2.28E+07,3587404.579,2.76E+07,1.94E+07,VPN
51789,17,119407662,1,1,361,361,361,361,361,0,361,361,361,0,6.046513163,0.016749344,1.19E+08,0,1.19E+08,1.19E+08,0,0,0,0,0,0,0,0,0,0,0,0,0,0,8,8,0.008374672,0.008374672,361,361,361,0,0,0,0,0,0,0,0,0,0,1,541.5,361,361,0,0,0,0,0,0,1,361,1,361,-1,-1,1,0,0,0,0,0,1.19E+08,0,1.19E+08,1.19E+08,VPN
5353,17,119998932,3,1,500,45,361,45,166.6666667,170.0715536,45,45,45,0,4.541707088,0.03333363,4.00E+07,2.82E+07,7.20E+07,1.86E+07,9.06E+07,4.53E+07,3.78E+07,7.20E+07,1.86E+07,0,0,0,0,0,0,0,0,0,24,8,0.025000223,0.008333408,45,361,118,137.4881813,18903,0,0,0,0,0,0,0,0,0,147.5,166.6666667,45,0,0,0,0,0,0,3,500,1,45,-1,-1,3,0,0,0,0,0,4.00E+07,2.82E+07,7.20E+07,1.86E+07,VPN
5353,17,64103054,1,1,92,92,92,92,92,0,92,92,92,0,2.870378063,0.031199762,6.41E+07,0,6.41E+07,6.41E+07,0,0,0,0,0,0,0,0,0,0,0,0,0,0,8,8,0.015599881,0.015599881,92,92,92,0,0,0,0,0,0,0,0,0,0,1,138,92,92,0,0,0,0,0,0,1,92,1,92,-1,-1,1,0,0,0,0,0,6.41E+07,0,6.41E+07,6.41E+07,VPN
56700,17,60003685,1,1,36,36,36,36,36,0,36,36,36,0,1.199926305,0.033331286,6.00E+07,0,6.00E+07,6.00E+07,0,0,0,0,0,0,0,0,0,0,0,0,0,0,8,8,0.016665643,0.016665643,36,36,36,0,0,0,0,0,0,0,0,0,0,1,54,36,36,0,0,0,0,0,0,1,36,1,36,-1,-1,1,0,0,0,0,0,6.00E+07,0,6.00E+07,6.00E+07,VPN
5353,17,61850412,1,1,85,85,85,85,85,0,85,85,85,0,2.748566978,0.032336082,6.19E+07,0,6.19E+07,6.19E+07,0,0,0,0,0,0,0,0,0,0,0,0,0,0,8,8,0.016168041,0.016168041,85,85,85,0,0,0,0,0,0,0,0,0,0,1,127.5,85,85,0,0,0,0,0,0,1,85,1,85,-1,-1,1,0,0,0,0,0,6.19E+07,0,6.19E+07,6.19E+07,VPN
443,6,105117700,6,6,58,50,29,0,9.666666667,14.97553561,25,0,8.333333333,12.90994449,1.02741974,0.114157749,9556154.545,1.81E+07,4.50E+07,214,1.05E+08,2.10E+07,2.28E+07,4.51E+07,464,1.05E+08,2.10E+07,2.28E+07,4.51E+07,99294,0,1,0,0,168,192,0.057078874,0.057078874,0,29,10.23076923,13.52869694,183.025641,0,0,0,1,1,0,0,0,1,11.08333333,9.666666667,8.333333333,0,0,0,0,0,0,6,58,6,50,-1,69,2,0,101231.3333,2882.582407,104544,99294,3.49E+07,1.75E+07,4.50E+07,1.47E+07,VPN
5353,17,115100679,3,1,184,487,84,50,61.33333333,19.62990915,487,487,487,0,5.829678902,0.034752184,3.84E+07,3.35E+07,7.05E+07,3585984,4.46E+07,2.23E+07,2.65E+07,4.11E+07,3585984,0,0,0,0,0,0,0,0,0,24,8,0.026064138,0.008688046,50,487,231.6,233.5600565,54550.3,0,0,0,0,0,0,0,0,0,289.5,61.33333333,487,0,0,0,0,0,0,3,184,1,487,-1,-1,3,0,0,0,0,0,5.58E+07,2.08E+07,7.05E+07,4.11E+07,VPN
993,6,443819,17,22,981,1646,612,0,57.70588235,147.6248475,208,0,74.81818182,65.42799486,5919.079625,87.87366021,11679.44737,14569.76122,44296,1,385265,24079.0625,23680.80078,66420,1416,443635,21125.47619,19703.1758,57184,1,0,1,0,0,544,704,38.30390317,49.56975704,0,612,66.55,106.5082036,11343.99744,0,0,0,1,1,0,0,0,1,68.25641026,57.70588235,74.81818182,0,0,0,0,0,0,17,981,22,1646,-1,283,6,0,0,0,0,0,0,0,0,0,VPN
0,0,89126044,3,1,0,0,0,0,0,0,0,0,0,0,0,0.04488026,2.97E+07,2.96E+07,6.25E+07,5055409,2.66E+07,1.33E+07,1.17E+07,2.16E+07,5055409,0,0,0,0,0,0,0,0,0,0,0,0.033660195,0.011220065,0,0,0,0,0,0,0,0,0,0,0,0,0,0,0,0,0,0,0,0,0,0,0,3,0,1,0,-1,-1,0,0,0,0,0,0,2.97E+07,2.96E+07,6.25E+07,5055409,VPN
0,0,67980816,2,1,0,0,0,0,0,0,0,0,0,0,0,0.044130097,3.40E+07,3.30E+07,5.73E+07,1.07E+07,1.07E+07,1.07E+07,0,1.07E+07,1.07E+07,0,0,0,0,0,0,0,0,0,0,0,0.029420065,0.014710032,0,0,0,0,0,0,0,0,0,0,0,0,0,0,0,0,0,0,0,0,0,0,0,2,0,1,0,-1,-1,0,0,0,0,0,0,3.40E+07,3.30E+07,5.73E+07,1.07E+07,VPN
57621,17,101989289,4,1,160,40,40,40,40,0,40,40,40,0,1.960990237,0.049024756,2.55E+07,1.83E+07,4.01E+07,3,6.19E+07,2.06E+07,1.90E+07,3.75E+07,3,0,0,0,0,0,0,0,0,0,32,8,0.039219805,0.009804951,40,40,40,0,0,0,0,0,0,0,0,0,0,0,48,40,40,0,0,0,0,0,0,4,160,1,40,-1,-1,4,0,0,0,0,0,3.40E+07,8440592.825,4.01E+07,2.44E+07,VPN
443,6,3033601,13,20,3081,9893,1214,0,237,373.4436593,1448,0,494.65,608.8003108,4276.765468,10.87816097,94800.03125,400182.6434,2256676,1,3027619,252301.5833,638969.8941,2256676,4,775362,40808.52632,86271.17834,334170,1,0,0,0,0,416,660,4.28533614,6.592824831,0,1448,381.5882353,533.3906475,284505.5829,0,1,0,0,0,0,0,0,1,393.1515152,237,494.65,0,0,0,0,0,0,13,3081,20,9893,-1,501,8,0,0,0,0,0,0,0,0,0,No VPN
56786,6,1595,1,1,0,0,0,0,0,0,0,0,0,0,0,1253.918495,1595,0,1595,1595,0,0,0,0,0,0,0,0,0,0,0,0,0,0,32,32,626.9592476,626.9592476,0,0,0,0,0,0,0,0,0,1,0,0,0,1,0,0,0,0,0,0,0,0,0,1,0,1,0,-1,501,0,0,0,0,0,0,0,0,0,0,No VPN
53,6,300251,4,4,40,520,40,0,10,20,520,0,130,260,1865.106194,26.64437421,42893,109187.6196,290484,339,295861,98620.33333,170131.2771,295071,339,299175,99725,165204.4229,290484,3477,0,0,0,0,80,116,13.3221871,13.3221871,0,520,62.22222222,172.1756209,29644.44444,0,1,0,0,0,0,0,0,1,70,10,130,0,0,0,0,0,0,4,40,4,520,-1,229,1,0,0,0,0,0,0,0,0,0,No VPN
443,6,10050021,4,6,839,375,765,0,209.75,371.8067374,375,0,62.5,153.0931089,120.7957675,0.995022796,1116669,3321251.611,9973281,2,25259,8419.666667,13752.51109,24299,351,1.01E+07,2010004.2,4451621.332,9973281,2,0,0,0,0,128,212,0.398009119,0.597013678,0,765,110.3636364,244.4063308,59734.45455,0,1,0,0,0,0,0,0,1,121.4,209.75,62.5,0,0,0,0,0,0,4,839,6,375,-1,262,2,0,0,0,0,0,0,0,0,0,No VPN
443,6,19291942,1,1,0,0,0,0,0,0,0,0,0,0,0,0.103670227,1.93E+07,0,1.93E+07,1.93E+07,0,0,0,0,0,0,0,0,0,0,0,0,0,0,32,32,0.051835113,0.051835113,0,0,0,0,0,0,0,0,0,1,0,0,0,1,0,0,0,0,0,0,0,0,0,1,0,1,0,-1,2050,0,0,0,0,0,0,0,0,0,0,No VPN
443,6,36760055,443,9747,3862,1.41E+07,542,0,8.717832957,67.34885423,1448,0,1445.492254,55.11753403,383380.1391,277.2030673,3607.817745,275578.8145,2.78E+07,0,8813474,19939.98643,62233.70963,546817,3,3.68E+07,3771.80946,281778.0478,2.78E+07,0,0,0,0,0,16048,311924,12.05112452,265.1519428,0,1448,1382.89422,298.5510646,89132.73817,0,1,0,0,0,0,0,0,22,1383.029931,8.717832957,1445.492254,0,0,0,0,0,0,443,3862,9747,14089213,-1,18,8,0,8975840,0,8975840,8975840,2.78E+07,0,2.78E+07,2.78E+07,No VPN
443,6,1083,2,1,31,0,31,0,15.5,21.92031022,0,0,0,0,28624.19206,2770.083102,541.5,48.7903679,576,507,507,507,0,507,507,0,0,0,0,0,0,0,0,0,64,32,1846.722068,923.3610342,0,31,7.75,15.5,240.25,0,0,0,0,1,0,0,0,0,10.33333333,15.5,0,0,0,0,0,0,0,2,31,1,0,-1,48903,1,0,0,0,0,0,0,0,0,0,No VPN
443,6,501276,5,8,610,5553,517,0,122,224.4537814,1448,0,694.125,744.0926282,12294.62412,25.9338169,41773,74483.19367,169915,1,331936,82984,95813.47686,174511,9,343449,49064.14286,82379.59834,170611,1,0,0,0,0,160,276,9.974544961,15.95927194,0,1448,440.2142857,638.0915269,407160.7967,0,1,0,0,0,0,0,0,1,474.0769231,122,694.125,0,0,0,0,0,0,5,610,8,5553,-1,18,2,0,0,0,0,0,0,0,0,0,No VPN
56791,6,155581,2,2,51,0,51,0,25.5,36.06244584,0,0,0,0,327.8035236,25.71008028,51860.33333,89716.50013,155456,1,155580,155580,0,155580,155580,125,125,0,125,125,0,0,0,0,64,52,12.85504014,12.85504014,0,51,10.2,22.80789337,520.2,0,0,0,0,1,0,0,0,1,12.75,25.5,0,0,0,0,0,0,0,2,51,2,0,-1,0,1,0,0,0,0,0,0,0,0,0,No VPN
7000,6,38530,4,5,41,1750,41,0,10.25,20.5,1448,0,350,627.5762902,46483.2598,233.5842201,4816.25,9160.414163,26651,0,32380,10793.33333,18693.7357,32379,0,32991,8247.75,12537.03998,26651,71,0,0,0,0,128,184,103.8152089,129.7690112,0,1448,179.1,455.6827478,207646.7667,0,1,0,0,0,0,0,0,1,199,10.25,350,0,0,0,0,0,0,4,41,5,1750,-1,2058,1,0,0,0,0,0,0,0,0,0,No VPN
51745,6,107,1,1,0,0,0,0,0,0,0,0,0,0,0,18691.58879,107,0,107,107,0,0,0,0,0,0,0,0,0,0,0,0,0,0,32,32,9345.794393,9345.794393,0,0,0,0,0,0,0,0,0,1,0,0,0,1,0,0,0,0,0,0,0,0,0,1,0,1,0,-1,2058,0,0,0,0,0,0,0,0,0,0,No VPN
443,6,37960425,531,13121,4946,1.90E+07,542,0,9.314500942,69.77024935,1448,0,1446.201204,48.12513606,500008.9435,359.6377016,2780.779796,249841.8308,2.92E+07,0,8627740,16278.75472,43732.08607,171710,8,3.80E+07,2893.325076,254853.8727,2.92E+07,0,0,0,0,0,17776,419892,13.98825224,345.6494494,0,1448,1390.211089,282.3791193,79737.96701,0,1,0,0,0,0,0,0,24,1390.312921,9.314500942,1446.201204,0,0,0,0,0,0,531,4946,13121,18975606,-1,18,10,0,8788810,0,8788810,8788810,2.92E+07,0,2.92E+07,2.92E+07,No VPN
443,6,1375,2,1,31,0,31,0,15.5,21.92031022,0,0,0,0,22545.45455,2181.818182,687.5,50.20458146,723,652,723,723,0,723,723,0,0,0,0,0,0,0,0,0,64,32,1454.545455,727.2727273,0,31,7.75,15.5,240.25,0,0,0,0,1,0,0,0,0,10.33333333,15.5,0,0,0,0,0,0,0,2,31,1,0,-1,48406,1,0,0,0,0,0,0,0,0,0,No VPN
443,6,72714122,2,3,0,0,0,0,0,0,0,0,0,0,0,0.068762434,1.82E+07,2.21E+07,4.50E+07,29550,2.77E+07,2.77E+07,0,2.77E+07,2.77E+07,4.51E+07,2.25E+07,3.18E+07,4.50E+07,43832,0,0,0,0,52,84,0.027504974,0.04125746,0,0,0,0,0,0,0,0,0,1,0,0,0,1,0,0,0,0,0,0,0,0,0,2,0,3,0,-1,263,0,0,43832,0,43832,43832,4.50E+07,0,4.50E+07,4.50E+07,No VPN
443,6,73207249,2,3,0,0,0,0,0,0,0,0,0,0,0,0.068299247,1.83E+07,2.22E+07,4.50E+07,27424,2.82E+07,2.82E+07,0,2.82E+07,2.82E+07,4.51E+07,2.25E+07,3.18E+07,4.50E+07,27424,0,0,0,0,52,84,0.027319699,0.040979548,0,0,0,0,0,0,0,0,0,1,0,0,0,1,0,0,0,0,0,0,0,0,0,2,0,3,0,-1,263,0,0,27424,0,27424,27424,4.50E+07,0,4.50E+07,4.50E+07,No VPN
443,6,63828077,7,6,841,1334,767,0,120.1428571,286.5672862,958,0,222.3333333,390.5246044,34.07591302,0.203672124,5319006.417,1.36E+07,4.50E+07,1,6.38E+07,1.06E+07,1.84E+07,4.50E+07,472,4.51E+07,9019239,2.01E+07,4.50E+07,1,0,0,0,0,212,212,0.109669605,0.094002519,0,958,155.3571429,318.0473132,101154.0934,0,1,0,0,0,0,0,0,0,167.3076923,120.1428571,222.3333333,0,0,0,0,0,0,7,841,6,1334,-1,262,2,0,68842,0,68842,68842,4.50E+07,0,4.50E+07,4.50E+07,No VPN
443,6,516244,6,8,610,5553,517,0,101.6666667,206.8435802,1448,0,694.125,744.0926282,11938.15328,27.11895925,39711.07692,74848.86118,171952,1,343692,68738.4,92989.74272,171877,8,345819,49402.71429,83850.86456,172338,1,0,0,0,0,192,276,11.62241111,15.49654814,0,1448,410.8666667,625.2976282,390997.1238,0,1,0,0,0,0,0,0,1,440.2142857,101.6666667,694.125,0,0,0,0,0,0,6,610,8,5553,-1,18,2,0,0,0,0,0,0,0,0,0,No VPN
56794,6,172452,2,2,51,0,51,0,25.5,36.06244584,0,0,0,0,295.7344652,23.19486002,57484,99441.39198,172309,1,172451,172451,0,172451,172451,143,143,0,143,143,0,0,0,0,64,52,11.59743001,11.59743001,0,51,10.2,22.80789337,520.2,0,0,0,0,1,0,0,0,1,12.75,25.5,0,0,0,0,0,0,0,2,51,2,0,-1,0,1,0,0,0,0,0,0,0,0,0,No VPN
9431,17,119180736,109,1,8175,75,75,75,75,0,75,75,75,0,69.22259651,0.922967953,1093401.248,550086.9755,5938700,915545,1.18E+08,1094046.611,552610.0393,5938700,915545,0,0,0,0,0,0,0,0,0,872,8,0.914577336,0.008390618,75,75,75,0,0,0,0,0,0,0,0,0,0,0,75.68181818,75,75,0,0,0,0,0,0,109,8175,1,75,-1,-1,109,0,3.11E+07,0,3.11E+07,3.11E+07,5938700,0,5938700,5938700,No VPN
50563,17,115489515,61,1,7784,112,148,96,127.6065574,18.85672178,112,112,112,0,68.36984292,0.536845271,1893270.738,1818694.583,5427864,0,1.14E+08,1901145.183,1832993.541,5427864,0,0,0,0,0,0,0,0,0,0,488,8,0.528186476,0.008658795,96,148,127.1111111,18.75401988,351.7132616,0,0,0,0,0,0,0,0,0,129.1612903,127.6065574,112,0,0,0,0,0,0,61,7784,1,112,-1,-1,61,0,3.69E+07,3.72E+07,6.32E+07,1.05E+07,5218117.25,142750.7301,5427864,5053070,No VPN
50563,17,115489443,61,1,0,0,0,0,0,0,0,0,0,0,0,0.536845606,1893269.557,1818692.985,5427763,25,1.14E+08,1901144.7,1832991.742,5427763,25,0,0,0,0,0,0,0,0,0,488,8,0.528186806,0.0086588,0,0,0,0,0,0,0,0,0,0,0,0,0,0,0,0,0,0,0,0,0,0,0,61,0,1,0,-1,-1,0,0,3.69E+07,3.72E+07,6.32E+07,1.05E+07,5218122.125,142745.1341,5427763,5053071,No VPN
0,0,116117250,95,1,0,0,0,0,0,0,0,0,0,0,0,0.826750547,1222286.842,3342874.461,2.02E+07,0,1.15E+08,1226471.468,3360548.685,2.02E+07,0,0,0,0,0,0,0,0,0,0,0,0,0.818138563,0.008611985,0,0,0,0,0,0,0,0,0,0,0,0,0,0,0,0,0,0,0,0,0,0,0,95,0,1,0,-1,-1,0,0,7913921.5,3864677.892,1.25E+07,3177707,1.21E+07,4125006.274,2.02E+07,9413678,No VPN
5353,17,77601442,33,1,11050,45,1331,45,334.8484848,452.4430296,45,45,45,0,142.9741473,0.438136188,2351558.848,4583440.435,2.71E+07,343,7.56E+07,2362539.563,4656339.109,2.71E+07,343,0,0,0,0,0,0,0,0,0,264,8,0.42524983,0.012886358,45,1331,318.2857143,444.2102424,197322.7395,0,0,0,0,0,0,0,0,0,327.6470588,334.8484848,45,0,0,0,0,0,0,33,11050,1,45,-1,-1,33,0,4.45E+07,0,4.45E+07,4.45E+07,1.65E+07,1.49E+07,2.71E+07,6023868,No VPN
5353,17,72891868,6,1,743,487,493,50,123.8333333,180.8539927,487,487,487,0,16.87431031,0.09603266,1.21E+07,1.42E+07,3.27E+07,518,7.29E+07,1.46E+07,1.45E+07,3.27E+07,1023835,0,0,0,0,0,0,0,0,0,48,8,0.082313709,0.013718951,50,493,214.625,227.2116304,51625.125,0,0,0,0,0,0,0,0,0,245.2857143,123.8333333,487,0,0,0,0,0,0,6,743,1,487,-1,-1,6,0,1996852,2823242.618,3993186,518,2.30E+07,1.24E+07,3.27E+07,9009835,No VPN
5353,17,54970987,2,1,253,161,161,92,126.5,48.7903679,161,161,161,0,7.531245528,0.054574243,2.75E+07,657972.0523,2.80E+07,2.70E+07,2.80E+07,2.80E+07,0,2.80E+07,2.80E+07,0,0,0,0,0,0,0,0,0,16,8,0.036382829,0.018191414,92,161,143.75,34.5,1190.25,0,0,0,0,0,0,0,0,0,191.6666667,126.5,161,0,0,0,0,0,0,2,253,1,161,-1,-1,2,0,0,0,0,0,2.75E+07,657972.0523,2.80E+07,2.70E+07,No VPN
5353,17,45756598,5,1,687,493,487,50,137.4,195.4323412,493,493,493,0,25.78863053,0.13112863,9151319.6,1.37E+07,3.29E+07,1207,4.58E+07,1.14E+07,1.47E+07,3.29E+07,921464,0,0,0,0,0,0,0,0,0,40,8,0.109273858,0.021854772,50,493,239,235.7328997,55570,0,0,0,0,0,0,0,0,0,278.8333333,137.4,493,0,0,0,0,0,0,5,687,1,493,-1,-1,5,0,1946010,2750366.779,3890813,1207,2.09E+07,1.69E+07,3.29E+07,9009835,No VPN
443,6,370847,12,15,1483,4886,718,0,123.5833333,238.1586402,1448,0,325.7333333,514.5978272,17174.19852,72.80630557,14263.34615,42756.67074,174847,0,365666,33242.36364,64806.56929,180370,0,370653,26475.21429,56415.21782,174847,0,0,0,0,0,384,500,32.35835803,40.44794754,0,1448,227.4642857,415.3247263,172494.6283,0,1,0,0,0,0,0,0,1,235.8888889,123.5833333,325.7333333,0,0,0,0,0,0,12,1483,15,4886,-1,501,5,0,0,0,0,0,0,0,0,0,No VPN
443,6,1,0,2,0,31,0,0,0,0,31,0,15.5,21.92031022,3.10E+07,2000000,1,0,1,1,0,0,0,0,0,1,1,0,1,1,0,1,0,0,0,64,0,2000000,0,31,20.66666667,17.89785834,320.3333333,0,0,0,1,1,0,0,0,0,31,0,15.5,0,0,0,0,0,0,0,0,2,31,-1,501,0,0,0,0,0,0,0,0,0,0,No VPN
56788,6,1591,0,4,0,31,0,0,0,0,31,0,7.75,15.5,19484.60088,2514.142049,530.3333333,138.424468,683,413,0,0,0,0,0,1591,530.3333333,138.424468,683,413,0,0,0,0,0,128,0,2514.142049,0,31,6.2,13.86362146,192.2,1,0,0,0,1,0,0,0,0,7.75,0,7.75,0,0,0,0,0,0,0,0,4,31,-1,2048,0,0,0,0,0,0,0,0,0,0,No VPN
63818,6,101936162,28,24,796,2636,85,0,28.42857143,34.50327797,1400,0,109.8333333,292.7733456,33.66813045,0.510123189,1998748.275,6076470.651,2.06E+07,0,1.02E+08,3774108.444,8003261.906,2.06E+07,0,1.02E+08,4432007.043,8539566.707,2.07E+07,23,0,1,0,0,896,768,0.274681717,0.235441472,0,1400,66.35849057,200.4613999,40184.77286,0,0,0,1,1,0,0,0,0,67.63461538,28.42857143,109.8333333,0,0,0,0,0,0,28,796,24,2636,-1,2048,13,0,85662,102976.3001,269431,35049,2.02E+07,241721.4934,2.06E+07,2.00E+07,No VPN
443,6,110834148,27,15,8303,4064,644,0,307.5185185,325.4123267,578,249,270.9333333,84.94743473,111.5811347,0.378944583,2703271.902,4445592.224,9979295,128,1.11E+08,4262011.923,4971369.952,9979295,22280,1.11E+08,7916706.286,4143930.804,1.01E+07,21710,0,1,0,0,864,480,0.243607232,0.135337351,0,644,301.0465116,264.8307594,70135.33112,0,0,0,1,1,0,0,0,0,308.2142857,307.5185185,270.9333333,0,0,0,0,0,0,27,8303,15,4064,-1,99,13,0,120264.0909,235568.4788,820641,22396,9953226.091,42242.97573,9979295,9851789,No VPN
443,17,100480183,66,64,34510,14345,1350,29,522.8787879,575.7215009,1350,31,224.140625,386.4496463,486.2152769,1.293787453,778916.1473,3819826.409,1.98E+07,0,1.00E+08,1545072.708,5302450.802,1.99E+07,0,1.00E+08,1594923.54,5369397.369,1.98E+07,0,0,0,0,0,528,512,0.656845937,0.636941515,29,1350,383.2442748,517.3511394,267652.2014,0,0,0,0,0,0,0,0,0,386.1923077,522.8787879,224.140625,0,0,0,0,0,0,66,34510,64,14345,-1,-1,66,0,290687.6,57102.84342,362571,220422,1.97E+07,68893.94123,1.98E+07,1.96E+07,No VPN
443,17,104617860,15,17,534,611,57,29,35.6,7.980332968,59,31,35.94117647,9.003267381,10.94459397,0.305875115,3374769.677,6363537.742,1.97E+07,1,1.04E+08,7449612.786,7834504.505,1.97E+07,115,1.05E+08,6538616.25,7685319.51,1.97E+07,1,0,0,0,0,120,136,0.14337896,0.162496155,29,59,35.93939394,8.321430894,69.24621212,0,0,0,0,0,0,0,0,1,37.0625,35.6,35.94117647,0,0,0,0,0,0,15,534,17,611,-1,-1,15,0,2862277.4,2288943.518,4572951,326493,1.71E+07,2284986.388,1.97E+07,1.54E+07,No VPN
443,6,93223315,35,34,11001,5597,1448,0,314.3142857,466.0661889,1448,0,164.6176471,365.6840012,178.0455887,0.740158189,1370931.103,6169073.922,2.99E+07,0,9.32E+07,2741686.588,8567172.032,2.99E+07,1,9.32E+07,2824937.848,8692973.611,2.99E+07,0,0,0,0,0,1120,1108,0.37544256,0.364715629,0,1448,237.1142857,421.210008,177417.8708,0,1,0,0,0,0,0,0,0,240.5507246,314.3142857,164.6176471,0,0,0,0,0,0,35,11001,34,5597,-1,501,19,0,1112870.333,1659804.519,3029443,150985,2.99E+07,29359.35933,2.99E+07,2.98E+07,No VPN
443,6,90105347,7,9,129,203,43,0,18.42857143,22.9844668,43,0,22.55555556,21.41909844,3.684576011,0.177569928,6007023.133,1.24E+07,3.00E+07,1,9.01E+07,1.50E+07,1.64E+07,3.00E+07,19939,9.01E+07,1.13E+07,1.55E+07,3.00E+07,1,0,1,0,0,224,288,0.077686844,0.099883085,0,43,22.05882353,21.4664581,460.8088235,0,0,0,1,1,0,0,0,1,23.4375,18.42857143,22.55555556,0,0,0,0,0,0,7,129,9,203,-1,270,3,0,29234,7477.040056,36782,21830,3.00E+07,6463.569937,3.00E+07,3.00E+07,No VPN
5353,17,60914614,1,1,85,85,85,85,85,0,85,85,85,0,2.790791714,0.032832844,6.09E+07,0,6.09E+07,6.09E+07,0,0,0,0,0,0,0,0,0,0,0,0,0,0,8,8,0.016416422,0.016416422,85,85,85,0,0,0,0,0,0,0,0,0,0,1,127.5,85,85,0,0,0,0,0,0,1,85,1,85,-1,-1,1,0,0,0,0,0,6.09E+07,0,6.09E+07,6.09E+07,No VPN
0,0,108651540,6,1,0,0,0,0,0,0,0,0,0,0,0,0.064426146,1.81E+07,2.09E+07,5.71E+07,3032989,1.05E+08,2.09E+07,2.21E+07,5.71E+07,3032989,0,0,0,0,0,0,0,0,0,0,0,0.055222411,0.009203735,0,0,0,0,0,0,0,0,0,0,0,0,0,0,0,0,0,0,0,0,0,0,0,6,0,1,0,-1,-1,0,0,3538737,715235.6807,4044485,3032989,3.28E+07,2.10E+07,5.71E+07,2.06E+07,No VPN
443,6,90151764,14,18,2896,5789,1400,0,206.8571429,411.6430226,1400,0,321.6111111,546.5181918,96.3375492,0.354957003,2908121.419,1.12E+07,4.50E+07,0,9.01E+07,6930606.615,1.69E+07,4.50E+07,12,9.02E+07,5303044.941,1.49E+07,4.50E+07,0,0,0,0,0,424,596,0.155293689,0.199663314,0,1400,263.1818182,482.6870398,232986.7784,0,1,0,0,0,0,0,0,1,271.40625,206.8571429,321.6111111,0,0,0,0,0,0,14,2896,18,5789,-1,284,7,0,69756,55919.41847,109297,30215,4.50E+07,11139.05312,4.50E+07,4.50E+07,No VPN
443,6,38214059,556,12960,4946,1.87E+07,542,0,8.895683453,68.20810696,1448,0,1445.103704,57.04454393,490225.0766,353.691818,2827.529338,250908.0758,2.91E+07,0,8899400,16034.95495,45076.03886,182830,4,3.82E+07,2948.843198,256242.9714,2.91E+07,0,0,0,0,0,19348,414740,14.54961903,339.1421989,0,1448,1385.920692,291.2292602,84814.48202,0,1,0,0,0,0,0,0,23,1386.023232,8.895683453,1445.103704,0,0,0,0,0,0,556,4946,12960,18728544,-1,18,10,0,9066176,0,9066176,9066176,2.91E+07,0,2.91E+07,2.91E+07,No VPN
443,6,1407,2,1,31,0,31,0,15.5,21.92031022,0,0,0,0,22032.69367,2132.196162,703.5,89.80256121,767,640,767,767,0,767,767,0,0,0,0,0,0,0,0,0,64,32,1421.464108,710.732054,0,31,7.75,15.5,240.25,0,0,0,0,1,0,0,0,0,10.33333333,15.5,0,0,0,0,0,0,0,2,31,1,0,-1,28903,1,0,0,0,0,0,0,0,0,0,No VPN
5353,17,97266696,20,1,3348,160,197,160,167.4,15.18447961,160,160,160,0,36.06578762,0.215901237,4863334.8,1.05E+07,4.83E+07,921181,9.53E+07,5016906.053,1.08E+07,4.83E+07,921181,0,0,0,0,0,0,0,0,0,160,8,0.205620226,0.010281011,160,197,166.7272727,14.60652763,213.3506494,0,0,0,0,0,0,0,0,0,174.6666667,167.4,160,0,0,0,0,0,0,20,3348,1,160,-1,-1,20,0,1.75E+07,2.35E+07,3.41E+07,921181,3.06E+07,2.51E+07,4.83E+07,1.29E+07,No VPN
4070,6,119990665,3,3,11,33,11,0,3.666666667,6.350852961,11,11,11,0,0.366695192,0.05000389,2.40E+07,3.28E+07,6.01E+07,153,1.20E+08,6.00E+07,117406.5957,6.01E+07,5.99E+07,5.99E+07,3.00E+07,4.23E+07,5.99E+07,55299,0,1,0,0,96,96,0.025001945,0.025001945,0,11,7.857142857,5.367450401,28.80952381,0,0,0,1,1,0,0,0,1,9.166666667,3.666666667,11,0,0,0,0,0,0,3,11,3,33,-1,16,1,0,27826,39135.53191,55499,153,6.00E+07,117514.7831,6.01E+07,5.99E+07,No VPN
443,6,117718291,13,8,923,563,553,0,71,149.3474696,74,63,70.375,3.159452936,12.62335689,0.178391988,5885914.55,1.03E+07,2.64E+07,118,1.18E+08,9807841.5,1.19E+07,2.64E+07,23205,1.18E+08,1.68E+07,1.11E+07,2.64E+07,24006,0,1,0,0,416,256,0.110433136,0.067958853,0,553,70.90909091,112.9133292,12749.41991,0,0,0,1,1,0,0,0,0,74.28571429,71,70.375,0,0,0,0,0,0,13,923,8,563,-1,292,6,0,609065,1307062.093,2947208,23205,2.29E+07,4429144.737,2.64E+07,1.55E+07,No VPN
56700,17,60000254,1,1,36,36,36,36,36,0,36,36,36,0,1.19999492,0.033333192,6.00E+07,0,6.00E+07,6.00E+07,0,0,0,0,0,0,0,0,0,0,0,0,0,0,8,8,0.016666596,0.016666596,36,36,36,0,0,0,0,0,0,0,0,0,0,1,54,36,36,0,0,0,0,0,0,1,36,1,36,-1,-1,1,0,0,0,0,0,6.00E+07,0,6.00E+07,6.00E+07,No VPN
993,6,3772794,20,19,1095,1751,422,0,54.75,103.5287273,392,0,92.15789474,129.1563493,754.3481038,10.33716657,99284.05263,510302.8578,3159929,157,3732087,196425.6316,718444.6288,3159929,567,3770075,209448.6111,746041.5896,3197960,10659,0,0,0,0,640,628,5.30111106,5.036055507,0,422,71.15,115.7735522,13403.51538,0,1,0,0,0,0,0,0,0,72.97435897,54.75,92.15789474,0,0,0,0,0,0,20,1095,19,1751,-1,269,10,0,0,0,0,0,0,0,0,0,No VPN
63842,6,21911,1,1,0,0,0,0,0,0,0,0,0,0,0,91.27835334,21911,0,21911,21911,0,0,0,0,0,0,0,0,0,0,0,0,0,0,32,32,45.63917667,45.63917667,0,0,0,0,0,0,0,0,0,1,0,0,0,1,0,0,0,0,0,0,0,0,0,1,0,1,0,-1,269,0,0,0,0,0,0,0,0,0,0,No VPN
443,6,77166225,11,17,614,356,229,0,55.81818182,87.57490301,69,0,20.94117647,25.09101081,12.57026633,0.362853049,2858008.333,9423129.556,4.50E+07,0,6.15E+07,6151797.1,1.46E+07,4.50E+07,72,7.72E+07,4822889.063,1.20E+07,4.50E+07,0,0,0,0,0,340,532,0.142549412,0.220303637,0,229,33.44827586,58.56899851,3430.327586,0,0,0,0,1,0,0,0,1,34.64285714,55.81818182,20.94117647,0,0,0,0,0,0,11,614,17,356,-1,294,6,0,81714.66667,77432.60144,171024,33360,2.56E+07,1.68E+07,4.50E+07,1.56E+07,No VPN
443,6,482711,5,8,610,5553,517,0,122,224.4537814,1448,0,694.125,744.0926282,12767.47371,26.931228,40225.91667,73000.96269,173749,1,309104,77276,90417.91959,174441,1,347364,49623.42857,84747.21028,174541,1,0,0,0,0,160,276,10.35816462,16.57306339,0,1448,440.2142857,638.0915269,407160.7967,0,1,0,0,0,0,0,0,1,474.0769231,122,694.125,0,0,0,0,0,0,5,610,8,5553,-1,18,2,0,0,0,0,0,0,0,0,0,No VPN
56796,6,137426,2,2,51,0,51,0,25.5,36.06244584,0,0,0,0,371.1088149,29.10657372,45808.66667,78120.39253,136012,146,136158,136158,0,136158,136158,1414,1414,0,1414,1414,0,0,0,0,64,52,14.55328686,14.55328686,0,51,10.2,22.80789337,520.2,0,0,0,0,1,0,0,0,1,12.75,25.5,0,0,0,0,0,0,0,2,51,2,0,-1,0,1,0,0,0,0,0,0,0,0,0,No VPN
443,6,93037839,7,9,105,159,35,0,15,18.70828693,35,0,17.66666667,16.80773631,2.837555159,0.17197304,6202522.6,1.28E+07,3.10E+07,1,9.30E+07,1.55E+07,1.69E+07,3.10E+07,31818,9.30E+07,1.16E+07,1.60E+07,3.10E+07,1,0,1,0,0,224,288,0.075238205,0.096734835,0,35,17.58823529,17.15757421,294.3823529,0,0,0,1,1,0,0,0,1,18.6875,15,17.66666667,0,0,0,0,0,0,7,105,9,159,-1,267,3,0,37661,4571.130167,42102,32970,3.10E+07,26303.7963,3.10E+07,3.09E+07,No VPN
1900,17,35988611,18,1,2250,125,125,125,125,0,125,125,125,0,65.99309987,0.527944799,1999367.278,1524.696221,2004048,1996808,3.40E+07,1999310.118,1551.613833,2004048,1996808,0,0,0,0,0,0,0,0,0,144,8,0.500158231,0.027786568,125,125,125,0,0,0,0,0,0,0,0,0,0,0,131.5789474,125,125,0,0,0,0,0,0,18,2250,1,125,-1,-1,18,0,0,0,0,0,0,0,0,0,No VPN
53106,17,35928978,15,1,4110,274,274,274,274,0,274,274,274,0,122.0184999,0.445322992,2395265.2,873180.895,4338695,1597773,3.40E+07,2426979,897132.9368,4338695,1597773,0,0,0,0,0,0,0,0,0,120,8,0.417490305,0.027832687,274,274,274,0,0,0,0,0,0,0,0,0,0,0,291.125,274,274,0,0,0,0,0,0,15,4110,1,274,-1,-1,15,0,0,0,0,0,0,0,0,0,No VPN
53106,17,34756439,17,1,6137,361,361,361,361,0,361,361,361,0,186.9581633,0.517889649,2044496.412,346391.0174,2763560,1457227,3.20E+07,1999554.938,302260.326,2478558,1457227,0,0,0,0,0,0,0,0,0,136,8,0.489118002,0.028771647,361,361,361,0,0,0,0,0,0,0,0,0,0,0,381.0555556,361,361,0,0,0,0,0,0,17,6137,1,361,-1,-1,17,0,0,0,0,0,0,0,0,0,No VPN
53106,17,35421936,18,1,6642,369,369,369,369,0,369,369,369,0,197.9281991,0.536390783,1967885.333,395931.4572,2645100,1493427,3.39E+07,1995794.647,389438.4341,2645100,1538923,0,0,0,0,0,0,0,0,0,144,8,0.50815969,0.028231094,369,369,369,0,0,0,0,0,0,0,0,0,0,0,388.4210526,369,369,0,0,0,0,0,0,18,6642,1,369,-1,-1,18,0,0,0,0,0,0,0,0,0,No VPN
0,0,97525103,4,1,0,0,0,0,0,0,0,0,0,0,0,0.051268851,2.44E+07,2.52E+07,6.06E+07,2384130,7.97E+07,2.66E+07,3.03E+07,6.06E+07,2384130,0,0,0,0,0,0,0,0,0,0,0,0.041015081,0.01025377,0,0,0,0,0,0,0,0,0,0,0,0,0,0,0,0,0,0,0,0,0,0,0,4,0,1,0,-1,-1,0,0,2384130,0,2384130,2384130,3.17E+07,2.50E+07,6.06E+07,1.67E+07,No VPN
5353,17,115187209,7,1,1283,141,273,87,183.2857143,87.22712553,141,141,141,0,12.36248375,0.069452156,1.65E+07,1.71E+07,4.24E+07,1023457,8.25E+07,1.38E+07,1.70E+07,4.24E+07,1023457,0,0,0,0,0,0,0,0,0,56,8,0.060770636,0.008681519,87,273,173.8888889,77.80816867,6054.111111,0,0,0,0,0,0,0,0,0,195.625,183.2857143,141,0,0,0,0,0,0,7,1283,1,141,-1,-1,7,0,7368056,0,7368056,7368056,2.70E+07,1.55E+07,4.24E+07,5733825,No VPN
5228,6,90070647,2,4,0,0,0,0,0,0,0,0,0,0,0,0.066614377,1.80E+07,2.46E+07,4.50E+07,23012,4.50E+07,4.50E+07,0,4.50E+07,4.50E+07,9.01E+07,3.00E+07,2.60E+07,4.50E+07,23012,0,0,0,0,40,116,0.022204792,0.044409584,0,0,0,0,0,0,0,0,0,1,0,0,0,2,0,0,0,0,0,0,0,0,0,2,0,4,0,-1,265,0,0,26148.5,4435.680838,29285,23012,4.50E+07,5416.437944,4.50E+07,4.50E+07,No VPN
443,6,640190,20,17,1069,4673,320,0,53.45,85.82814837,1424,0,274.8823529,460.381755,8969.212265,57.79534201,17783.05556,57468.18391,337835,0,612453,32234.36842,79759.87702,337995,11,602199,37637.4375,83235.59302,337997,0,0,0,0,0,640,564,31.24072541,26.5546166,0,1424,151.1052632,329.0116887,108248.6913,0,1,0,0,0,0,0,0,0,155.1891892,53.45,274.8823529,0,0,0,0,0,0,20,1069,17,4673,-1,69,11,0,0,0,0,0,0,0,0,0,No VPN
63843,6,143,0,2,0,0,0,0,0,0,0,0,0,0,0,13986.01399,143,0,143,143,0,0,0,0,0,143,143,0,143,143,0,0,0,0,0,64,0,13986.01399,0,0,0,0,0,1,0,0,0,1,0,0,0,0,0,0,0,0,0,0,0,0,0,0,0,2,0,-1,2048,0,0,0,0,0,0,0,0,0,0,No VPN
57621,17,119985620,4,1,176,44,44,44,44,0,44,44,44,0,1.833553054,0.04167166,3.00E+07,7221.914935,3.00E+07,3.00E+07,9.00E+07,3.00E+07,1221.93385,3.00E+07,3.00E+07,0,0,0,0,0,0,0,0,0,32,8,0.033337328,0.008334332,44,44,44,0,0,0,0,0,0,0,0,0,0,0,52.8,44,44,0,0,0,0,0,0,4,176,1,44,-1,-1,4,0,0,0,0,0,3.00E+07,7221.914935,3.00E+07,3.00E+07,No VPN
443,6,403174,20,18,1015,5333,320,0,50.75,82.20185361,1424,0,296.2777778,502.5325047,15745.06293,94.25210951,10896.59459,25244.98307,125207,0,373219,19643.10526,38925.72118,127233,19,397339,23372.88235,34310.60274,125373,0,0,0,0,0,640,596,49.60637343,44.64573608,0,1424,162.7692308,363.457408,132101.2874,0,1,0,0,0,0,0,0,0,167.0526316,50.75,296.2777778,0,0,0,0,0,0,20,1015,18,5333,-1,69,11,0,0,0,0,0,0,0,0,0,No VPN
63844,6,119,0,2,0,0,0,0,0,0,0,0,0,0,0,16806.72269,119,0,119,119,0,0,0,0,0,119,119,0,119,119,0,0,0,0,0,64,0,16806.72269,0,0,0,0,0,1,0,0,0,1,0,0,0,0,0,0,0,0,0,0,0,0,0,0,0,2,0,-1,2048,0,0,0,0,0,0,0,0,0,0,No VPN
443,6,90169026,20,23,2390,4650,1218,0,119.5,282.0499209,1400,0,202.173913,469.6862253,78.07559106,0.476882161,2146881.571,8455686.978,4.50E+07,0,9.01E+07,4744429.526,1.23E+07,4.50E+07,24,9.02E+07,4098592.091,1.15E+07,4.50E+07,0,0,1,0,0,628,736,0.221805656,0.255076505,0,1400,161.8636364,387.1316458,149870.9112,0,0,0,1,1,0,0,0,1,165.627907,119.5,202.173913,0,0,0,0,0,0,20,2390,23,4650,-1,334,12,0,151709.6667,169453.9451,344089,24580,2.98E+07,1.50E+07,4.50E+07,1.49E+07,No VPN
443,6,109181006,20,24,1841,6603,767,0,92.05,200.0317014,1400,0,275.125,487.8750118,77.33945958,0.4030005,2539093.163,9919803.119,4.50E+07,0,1.09E+08,5743949.316,1.45E+07,4.50E+07,30,1.09E+08,4747000.261,1.33E+07,4.50E+07,0,0,0,0,0,616,788,0.183182045,0.219818455,0,1400,187.6444444,388.3646456,150827.098,0,1,0,0,0,0,0,0,1,191.9090909,92.05,275.125,0,0,0,0,0,0,20,1841,24,6603,-1,268,11,0,59426.66667,36397.57481,100122,29985,3.63E+07,1.50E+07,4.50E+07,1.90E+07,No VPN
443,6,67877892,7,6,659,826,595,0,94.14285714,222.1414178,614,0,137.6666667,248.2850512,21.87752089,0.191520385,5656491,1.40E+07,4.50E+07,1,6.79E+07,1.13E+07,1.89E+07,4.50E+07,507,4.51E+07,9020625.4,2.01E+07,4.50E+07,1,0,0,0,0,212,212,0.103126361,0.088394024,0,614,106.0714286,218.8334331,47888.07143,0,1,0,0,0,0,0,0,0,114.2307692,94.14285714,137.6666667,0,0,0,0,0,0,7,659,6,826,-1,261,2,0,74123,0,74123,74123,4.50E+07,0,4.50E+07,4.50E+07,No VPN
443,6,118870783,15,15,3122,1524,1253,0,208.1333333,447.1357842,878,0,101.6,245.9316978,39.08445694,0.252374883,4098992.517,6775382.972,1.54E+07,0,1.19E+08,8490390.071,7663342.625,1.54E+07,276,1.19E+08,8490755.857,7668146.198,1.54E+07,0,0,0,0,0,480,500,0.126187442,0.126187442,0,1253,149.8709677,353.7470605,125136.9828,0,1,0,0,0,0,0,0,1,154.8666667,208.1333333,101.6,0,0,0,0,0,0,15,3122,15,1524,-1,8,4,0,38667.25,71316.81566,158354,148,1.48E+07,1487359.757,1.54E+07,1.11E+07,No VPN
443,6,118811295,15,15,3062,1524,1223,0,204.1333333,437.1336616,878,0,101.6,245.9316978,38.59902377,0.252501246,4096941.207,6767287.08,1.54E+07,61,1.19E+08,8486155,7650524.711,1.54E+07,171,1.19E+08,8486512.071,7655218.862,1.54E+07,3339,0,0,0,0,480,500,0.126250623,0.126250623,0,1223,147.9354839,347.535028,120780.5957,0,1,0,0,0,0,0,0,1,152.8666667,204.1333333,101.6,0,0,0,0,0,0,15,3062,15,1524,-1,8,4,0,46282,90727.64795,242138,132,1.48E+07,1486511.318,1.54E+07,1.11E+07,No VPN
5353,17,93780751,5,1,601,195,127,93,120.2,15.20526225,195,195,195,0,8.487882551,0.063979014,1.88E+07,2.47E+07,6.09E+07,1023151,7.39E+07,1.85E+07,2.85E+07,6.09E+07,1023151,0,0,0,0,0,0,0,0,0,40,8,0.053315845,0.010663169,93,195,141.5714286,38.55237625,1486.285714,0,0,0,0,0,0,0,0,0,165.1666667,120.2,195,0,0,0,0,0,0,5,601,1,195,-1,-1,5,0,3991429,0,3991429,3991429,2.99E+07,2.74E+07,6.09E+07,9008036,No VPN
443,6,90059633,2,4,0,0,0,0,0,0,0,0,0,0,0,0.066622523,1.80E+07,2.46E+07,4.50E+07,18800,4.50E+07,4.50E+07,0,4.50E+07,4.50E+07,9.01E+07,3.00E+07,2.60E+07,4.50E+07,19728,0,0,0,0,40,116,0.022207508,0.044415016,0,0,0,0,0,0,0,0,0,1,0,0,0,2,0,0,0,0,0,0,0,0,0,2,0,4,0,-1,261,0,0,19264,656.1950929,19728,18800,4.50E+07,1426.234378,4.50E+07,4.50E+07,No VPN
443,6,37326617,512,12933,4946,1.87E+07,542,0,9.66015625,71.03196363,1448,0,1446.106626,47.96730344,501182.3868,360.198729,2776.451726,252739.1743,2.93E+07,0,7882380,15425.40117,42662.43623,165905,4,3.73E+07,2886.376199,257699.5819,2.93E+07,0,0,0,0,0,18240,413876,13.71675338,346.4819756,0,1448,1391.301725,279.5214418,78132.23644,0,1,0,0,0,0,0,0,25,1391.405206,9.66015625,1446.106626,0,0,0,0,0,0,512,4946,12933,18702497,-1,18,10,0,8039354,0,8039354,8039354,2.93E+07,0,2.93E+07,2.93E+07,No VPN
443,6,1325,2,1,31,0,31,0,15.5,21.92031022,0,0,0,0,23396.22642,2264.150943,662.5,71.4177849,713,612,713,713,0,713,713,0,0,0,0,0,0,0,0,0,64,32,1509.433962,754.7169811,0,31,7.75,15.5,240.25,0,0,0,0,1,0,0,0,0,10.33333333,15.5,0,0,0,0,0,0,0,2,31,1,0,-1,28088,1,0,0,0,0,0,0,0,0,0,No VPN
443,6,486815,5,8,610,5553,517,0,122,224.4537814,1448,0,694.125,744.0926282,12659.83998,26.70418948,40567.91667,73334.25516,173493,1,312520,78130,90518.71586,169383,5,343118,49016.85714,83717.97842,173493,1,0,0,0,0,160,276,10.27084211,16.43334737,0,1448,440.2142857,638.0915269,407160.7967,0,1,0,0,0,0,0,0,1,474.0769231,122,694.125,0,0,0,0,0,0,5,610,8,5553,-1,18,2,0,0,0,0,0,0,0,0,0,No VPN
56797,6,141855,2,2,51,0,51,0,25.5,36.06244584,0,0,0,0,359.5220472,28.19780762,47285,81766.68984,141701,1,141854,141854,0,141854,141854,154,154,0,154,154,0,0,0,0,64,52,14.09890381,14.09890381,0,51,10.2,22.80789337,520.2,0,0,0,0,1,0,0,0,1,12.75,25.5,0,0,0,0,0,0,0,2,51,2,0,-1,0,1,0,0,0,0,0,0,0,0,0,No VPN
5353,17,109878858,16,1,3775,82,366,82,235.9375,134.6310854,82,82,82,0,35.1022942,0.154715842,6867428.625,1.05E+07,3.21E+07,204680,9.79E+07,6526633.733,1.08E+07,3.21E+07,204680,0,0,0,0,0,0,0,0,0,128,8,0.14561491,0.009100932,82,366,218.8333333,135.9088146,18471.20588,0,0,0,0,0,0,0,0,0,231.7058824,235.9375,82,0,0,0,0,0,0,16,3775,1,82,-1,-1,16,0,9013715,0,9013715,9013715,2.02E+07,9603080.383,3.21E+07,1.20E+07,No VPN
443,6,37657340,524,12958,4946,1.87E+07,542,0,9.438931298,70.22723355,1448,0,1442.30676,76.64668609,496433.285,358.0178526,2793.363994,251205.204,2.91E+07,0,8347611,15961.0153,42998.2861,164257,4,3.77E+07,2906.331713,256238.8833,2.91E+07,0,0,0,0,0,18984,414676,13.91494991,344.1029026,0,1448,1386.513165,287.5341702,82675.89901,0,1,0,0,0,0,0,0,24,1386.616007,9.438931298,1442.30676,0,0,0,0,0,0,524,4946,12958,18689411,-1,18,10,0,8508812,0,8508812,8508812,2.91E+07,0,2.91E+07,2.91E+07,No VPN
443,6,882,2,1,31,0,31,0,15.5,21.92031022,0,0,0,0,35147.39229,3401.360544,441,52.32590181,478,404,404,404,0,404,404,0,0,0,0,0,0,0,0,0,64,32,2267.573696,1133.786848,0,31,7.75,15.5,240.25,0,0,0,0,1,0,0,0,0,10.33333333,15.5,0,0,0,0,0,0,0,2,31,1,0,-1,43745,1,0,0,0,0,0,0,0,0,0,No VPN
9431,17,119189570,117,1,8775,75,75,75,75,0,75,75,75,0,74.25146345,0.990019513,1018714.274,186394.5373,2966155,916606,1.18E+08,1018667.56,187202.5063,2966155,916606,0,0,0,0,0,0,0,0,0,936,8,0.981629517,0.008389996,75,75,75,0,0,0,0,0,0,0,0,0,0,0,75.63559322,75,75,0,0,0,0,0,0,117,8775,1,75,-1,-1,117,0,0,0,0,0,0,0,0,0,No VPN
50563,17,116840983,17,1,2516,148,148,148,148,0,148,148,148,0,22.800219,0.154055534,6872999,6702950.26,3.29E+07,5055386,1.12E+08,6982544.688,6907042.806,3.29E+07,5055386,0,0,0,0,0,0,0,0,0,136,8,0.145496893,0.008558641,148,148,148,0,0,0,0,0,0,0,0,0,0,0,156.2222222,148,148,0,0,0,0,0,0,17,2516,1,148,-1,-1,17,0,0,0,0,0,6872999,6702950.26,3.29E+07,5055386,No VPN
50563,17,116840962,17,1,0,0,0,0,0,0,0,0,0,0,0,0.154055561,6872997.765,6702935.482,3.29E+07,5055320,1.12E+08,6982543.75,6907027.423,3.29E+07,5055320,0,0,0,0,0,0,0,0,0,136,8,0.145496919,0.008558642,0,0,0,0,0,0,0,0,0,0,0,0,0,0,0,0,0,0,0,0,0,0,0,17,0,1,0,-1,-1,0,0,0,0,0,0,6872997.765,6702935.482,3.29E+07,5055320,No VPN
0,0,118680958,362,1,0,0,0,0,0,0,0,0,0,0,0,3.058620406,327847.9503,1601628.239,1.51E+07,0,1.19E+08,328756.1108,1603757.842,1.51E+07,0,0,0,0,0,0,0,0,0,0,0,0,3.050194455,0.008425952,0,0,0,0,0,0,0,0,0,0,0,0,0,0,0,0,0,0,0,0,0,0,0,362,0,1,0,-1,-1,0,0,9767623.4,9644415.183,2.54E+07,712565,1.11E+07,4490905.421,1.51E+07,5012274,No VPN
443,6,110053819,23,13,7083,3632,644,0,307.9565217,328.8791541,644,249,279.3846154,109.5532888,97.36145549,0.327112683,3144394.829,4691019.301,9979852,235,1.10E+08,5001330.909,5089447.232,9979852,22312,1.10E+08,9171126.333,2880531.351,1.00E+07,24232,0,1,0,0,736,416,0.208988659,0.118124024,0,644,307,271.1641569,73530,0,0,0,1,1,0,0,0,0,315.5277778,307.9565217,279.3846154,0,0,0,0,0,0,23,7083,13,3632,-1,130,11,0,28829.36364,5170.271642,38093,22312,9973761.455,4824.551469,9979852,9965395,No VPN
443,17,119621255,15,15,581,499,74,29,38.73333333,12.84226653,41,31,33.26666667,3.283436063,9.028495814,0.25079155,4124870.862,7953151.59,1.96E+07,1,1.19E+08,8516386.214,9839697.399,1.96E+07,158,1.20E+08,8542353.571,9789909.896,1.96E+07,1,0,0,0,0,120,120,0.125395775,0.125395775,29,74,36.16129032,9.501216674,90.27311828,0,0,0,0,0,0,0,0,1,37.36666667,38.73333333,33.26666667,0,0,0,0,0,0,15,581,15,499,-1,-1,15,0,508448.6667,60106.65649,595358,432608,1.94E+07,250672.3822,1.96E+07,1.89E+07,No VPN
0,0,65000235,1,1,0,0,0,0,0,0,0,0,0,0,0,0.03076912,6.50E+07,0,6.50E+07,6.50E+07,0,0,0,0,0,0,0,0,0,0,0,0,0,0,0,0,0.01538456,0.01538456,0,0,0,0,0,0,0,0,0,0,0,0,0,1,0,0,0,0,0,0,0,0,0,1,0,1,0,-1,-1,0,0,0,0,0,0,6.50E+07,0,6.50E+07,6.50E+07,No VPN
443,17,104893956,11,13,379,425,41,29,34.45454545,6.266795614,41,31,32.69230769,2.689008968,7.664883952,0.228802506,4560606.783,6110561.257,1.54E+07,4739,1.00E+08,1.00E+07,5588121.585,1.54E+07,4643012,1.05E+08,8741163,5927607.74,1.54E+07,11992,0,0,0,0,88,104,0.104867815,0.123934691,29,41,33.8,4.795831523,23,0,0,0,0,0,0,0,0,1,35.20833333,34.45454545,32.69230769,0,0,0,0,0,0,11,379,13,425,-1,-1,11,0,4728492.2,61704.92118,4808098,4655440,1.53E+07,62096.54746,1.54E+07,1.52E+07,No VPN
443,6,90302688,15,17,4549,1151,1090,0,303.2666667,491.698727,240,0,67.70588235,95.49068325,63.12104464,0.354363759,2912989.935,8972322.473,2.99E+07,146,9.03E+07,6449345.929,1.27E+07,2.99E+07,4530,9.03E+07,5643895.5,1.20E+07,2.99E+07,4580,0,1,0,0,480,544,0.166108012,0.188255747,0,1090,174.6363636,352.9195923,124552.2386,0,0,0,1,1,0,0,0,1,180.09375,303.2666667,67.70588235,0,0,0,0,0,0,15,4549,17,1151,-1,501,7,0,157335.3333,7338.109384,164746,150072,2.99E+07,2735.903751,2.99E+07,2.99E+07,No VPN
63818,6,103456443,30,26,1110,1144,308,0,37,61.45309397,318,0,44,73.34575652,21.78694661,0.541290599,1881026.236,5607165.722,2.08E+07,0,1.03E+08,3566153.034,7376593.84,2.08E+07,0,1.03E+08,4138257.72,7826271.811,2.08E+07,13,0,1,0,0,960,832,0.289977107,0.251313492,0,318,41.05263158,66.37916547,4406.193609,0,0,0,1,1,0,0,0,0,41.78571429,37,44,0,0,0,0,0,0,30,1110,26,1144,-1,2048,14,0,74483.66667,94137.62277,266633,35189,1.71E+07,5153648.874,2.08E+07,9806472,No VPN
443,6,90108785,7,9,129,203,43,0,18.42857143,22.9844668,43,0,22.55555556,21.41909844,3.68443543,0.177563153,6007252.333,1.24E+07,3.00E+07,1,9.01E+07,1.50E+07,1.64E+07,3.00E+07,20305,9.01E+07,1.13E+07,1.55E+07,3.00E+07,1,0,1,0,0,224,288,0.07768388,0.099879274,0,43,22.05882353,21.4664581,460.8088235,0,0,0,1,1,0,0,0,1,23.4375,18.42857143,22.55555556,0,0,0,0,0,0,7,129,9,203,-1,270,3,0,24024,3234.551437,26182,20305,3.00E+07,1289.156443,3.00E+07,3.00E+07,No VPN
5353,17,54481850,3,1,483,487,349,50,161,163.6978925,487,487,487,0,17.80409439,0.073418946,1.82E+07,2.26E+07,4.35E+07,103001,4.36E+07,2.18E+07,3.07E+07,4.35E+07,103001,0,0,0,0,0,0,0,0,0,24,8,0.055064209,0.018354736,50,487,291.4,212.7940319,45281.3,0,0,0,0,0,0,0,0,0,364.25,161,487,0,0,0,0,0,0,3,483,1,487,-1,-1,3,0,0,0,0,0,2.72E+07,2.31E+07,4.35E+07,1.09E+07,No VPN
443,6,113859950,28,33,6602,11218,1400,0,235.7857143,416.3329648,1400,0,339.9393939,507.6175319,156.508061,0.535745888,1897665.833,8625989.328,4.50E+07,0,1.14E+08,4215331.407,1.26E+07,4.50E+07,11,1.14E+08,3558123.438,1.16E+07,4.50E+07,0,0,0,0,0,872,1076,0.245916145,0.289829743,0,1400,287.4193548,464.7209121,215965.5262,0,1,0,0,0,0,0,0,1,292.1311475,235.7857143,339.9393939,0,0,0,0,0,0,28,6602,33,11218,-1,338,16,0,68050,75550.60055,155228,21652,3.79E+07,1.24E+07,4.50E+07,2.36E+07,No VPN
5353,17,32562980,1,1,50,487,50,50,50,0,487,487,487,0,16.49111967,0.06141944,3.26E+07,0,3.26E+07,3.26E+07,0,0,0,0,0,0,0,0,0,0,0,0,0,0,8,8,0.03070972,0.03070972,50,487,341.3333333,252.3020676,63656.33333,0,0,0,0,0,0,0,0,1,512,50,487,0,0,0,0,0,0,1,50,1,487,-1,-1,1,0,0,0,0,0,3.26E+07,0,3.26E+07,3.26E+07,No VPN
5353,17,60925687,1,1,85,85,85,85,85,0,85,85,85,0,2.790284499,0.032826876,6.09E+07,0,6.09E+07,6.09E+07,0,0,0,0,0,0,0,0,0,0,0,0,0,0,8,8,0.016413438,0.016413438,85,85,85,0,0,0,0,0,0,0,0,0,0,1,127.5,85,85,0,0,0,0,0,0,1,85,1,85,-1,-1,1,0,0,0,0,0,6.09E+07,0,6.09E+07,6.09E+07,No VPN
5353,17,69154452,3,1,853,94,714,45,284.3333333,372.9079422,94,94,94,0,13.69398459,0.05784154,2.31E+07,1.64E+07,3.64E+07,4682093,4.10E+07,2.05E+07,2.24E+07,3.64E+07,4682093,0,0,0,0,0,0,0,0,0,24,8,0.043381155,0.014460385,45,714,208.2,283.5457635,80398.2,0,0,0,0,0,0,0,0,0,260.25,284.3333333,94,0,0,0,0,0,0,3,853,1,94,-1,-1,3,0,4682093,0,4682093,4682093,3.22E+07,5820190.966,3.64E+07,2.81E+07,No VPN
56700,17,60004910,1,1,36,36,36,36,36,0,36,36,36,0,1.199901808,0.033330606,6.00E+07,0,6.00E+07,6.00E+07,0,0,0,0,0,0,0,0,0,0,0,0,0,0,8,8,0.016665303,0.016665303,36,36,36,0,0,0,0,0,0,0,0,0,0,1,54,36,36,0,0,0,0,0,0,1,36,1,36,-1,-1,1,0,0,0,0,0,6.00E+07,0,6.00E+07,6.00E+07,No VPN
5353,17,99533564,6,1,1145,197,197,160,190.8333333,15.10518675,197,197,197,0,13.48288905,0.070328035,1.66E+07,2.19E+07,4.82E+07,916591,9.86E+07,1.97E+07,2.30E+07,4.82E+07,1023913,0,0,0,0,0,0,0,0,0,48,8,0.060281173,0.010046862,160,197,192.375,13.08147545,171.125,0,0,0,0,0,0,0,0,0,219.8571429,190.8333333,197,0,0,0,0,0,0,6,1145,1,197,-1,-1,6,0,970252,75888.11397,1023913,916591,3.22E+07,2.17E+07,4.82E+07,7475720,No VPN
443,6,103908628,11,7,370,500,74,0,33.63636364,38.64523962,74,71,71.42857143,1.133893419,8.372740712,0.173229118,6112272.235,9880812.919,2.59E+07,178,1.04E+08,1.04E+07,1.11E+07,2.59E+07,23638,1.04E+08,1.73E+07,8979469.677,2.59E+07,31426,0,1,0,0,352,224,0.105862239,0.067366879,0,74,49.68421053,34.70198943,1204.22807,0,0,0,1,1,0,0,0,0,52.44444444,33.63636364,71.42857143,0,0,0,0,0,0,11,370,7,500,-1,292,5,0,27934.2,3631.535653,31630,23638,2.07E+07,3338749.053,2.59E+07,1.72E+07,No VPN
443,6,78300372,11,17,615,356,230,0,55.90909091,87.7729509,69,0,20.94117647,25.09101081,12.40096279,0.357597279,2900013.778,9485639.255,4.50E+07,0,6.24E+07,6238414.8,1.46E+07,4.50E+07,40,7.83E+07,4893773.25,1.21E+07,4.50E+07,0,0,0,0,0,340,532,0.140484645,0.217112634,0,230,33.48275862,58.68841495,3444.330049,0,0,0,0,1,0,0,0,1,34.67857143,55.90909091,20.94117647,0,0,0,0,0,0,11,615,17,356,-1,306,6,0,83061.66667,74482.58401,169061,39201,2.60E+07,1.65E+07,4.50E+07,1.58E+07,No VPN
443,6,93043740,7,9,105,159,35,0,15,18.70828693,35,0,17.66666667,16.80773631,2.837375196,0.171962133,6202916,1.28E+07,3.10E+07,1,9.30E+07,1.55E+07,1.69E+07,3.10E+07,30705,9.30E+07,1.16E+07,1.60E+07,3.10E+07,1,0,1,0,0,224,288,0.075233433,0.0967287,0,35,17.58823529,17.15757421,294.3823529,0,0,0,1,1,0,0,0,1,18.6875,15,17.66666667,0,0,0,0,0,0,7,105,9,159,-1,267,3,0,33594,4395.947111,38653,30705,3.10E+07,19222.83548,3.10E+07,3.09E+07,No VPN
57621,17,90006234,3,1,132,44,44,44,44,0,44,44,44,0,1.95542011,0.044441366,3.00E+07,127.5774275,3.00E+07,3.00E+07,6.00E+07,3.00E+07,24.04163056,3.00E+07,3.00E+07,0,0,0,0,0,0,0,0,0,24,8,0.033331025,0.011110342,44,44,44,0,0,0,0,0,0,0,0,0,0,0,55,44,44,0,0,0,0,0,0,3,132,1,44,-1,-1,3,0,0,0,0,0,3.00E+07,127.5774275,3.00E+07,3.00E+07,No VPN
443,6,90618875,15,14,1321,5069,517,0,88.06666667,166.1025787,1424,0,362.0714286,569.6076199,70.51511068,0.320021629,3236388.393,1.18E+07,4.50E+07,1,9.06E+07,6468744,1.63E+07,4.50E+07,122,9.06E+07,6970682.692,1.69E+07,4.50E+07,1,0,0,0,0,456,468,0.165528429,0.1544932,0,1424,213,423.2368702,179129.4483,0,1,0,0,0,0,0,0,0,220.3448276,88.06666667,362.0714286,0,0,0,0,0,0,15,1321,14,5069,-1,68,7,0,294635.5,376853.2661,561111,28160,4.50E+07,244.6589463,4.50E+07,4.50E+07,No VPN
443,6,3,0,2,0,39,0,0,0,0,39,0,19.5,27.57716447,1.30E+07,666666.6667,3,0,3,3,0,0,0,0,0,3,3,0,3,3,0,1,0,0,0,64,0,666666.6667,0,39,26,22.5166605,507,0,0,0,1,1,0,0,0,0,39,0,19.5,0,0,0,0,0,0,0,0,2,39,-1,68,0,0,0,0,0,0,0,0,0,0,No VPN
443,6,444,2,1,0,0,0,0,0,0,0,0,0,0,0,6756.756757,222,178.1909089,348,96,348,348,0,348,348,0,0,0,0,0,0,0,0,0,64,32,4504.504505,2252.252252,0,0,0,0,0,0,0,0,0,1,0,0,0,0,0,0,0,0,0,0,0,0,0,2,0,1,0,-1,2047,0,0,0,0,0,0,0,0,0,0,No VPN
443,6,118645013,21,25,3156,3048,1400,0,150.2857143,340.2202438,1311,0,121.92,328.1535362,52.29044056,0.387711197,2636555.844,1.00E+07,4.35E+07,0,8.71E+07,4352676,1.34E+07,4.35E+07,3,1.19E+08,4943542.208,1.35E+07,4.36E+07,0,0,0,0,0,672,788,0.17699859,0.210712607,0,1400,132,327.2552521,107096,0,0,0,0,1,0,0,0,1,134.8695652,150.2857143,121.92,0,0,0,0,0,0,21,3156,25,3048,-1,377,15,0,99607.66667,73182.8025,174144,27858,3.94E+07,6830029.088,4.35E+07,3.15E+07,No VPN
443,6,90101004,8,11,196,475,83,0,24.5,30.12829709,95,0,43.18181818,37.96792905,7.447197814,0.210874454,5005611.333,1.46E+07,4.50E+07,0,9.01E+07,1.29E+07,2.20E+07,4.50E+07,76,9.01E+07,9010100.4,1.90E+07,4.50E+07,0,0,1,0,0,232,352,0.088789244,0.12208521,0,95,37.65,35.87738622,1287.186842,0,0,0,1,1,0,0,0,1,39.63157895,24.5,43.18181818,0,0,0,0,0,0,8,196,11,475,-1,268,4,0,37057,19598.17155,50915,23199,4.50E+07,3.535533906,4.50E+07,4.50E+07,No VPN
443,6,37978746,523,13083,4946,1.89E+07,542,0,9.456978967,70.29325248,1448,0,1442.573492,75.46560671,497071.046,358.2530081,2791.528556,250842.5211,2.92E+07,0,8571843,16421.15517,45561.42576,174096,5,3.80E+07,2903.12995,255812.57,2.92E+07,0,0,0,0,0,18628,418676,13.77086015,344.482148,0,1448,1387.384067,285.8651646,81718.89232,0,1,0,0,0,0,0,0,25,1387.486036,9.456978967,1442.573492,0,0,0,0,0,0,523,4946,13083,18873189,-1,18,10,0,8740789,0,8740789,8740789,2.92E+07,0,2.92E+07,2.92E+07,No VPN
443,6,826,2,1,31,0,31,0,15.5,21.92031022,0,0,0,0,37530.26634,3631.961259,413,63.63961031,458,368,458,458,0,458,458,0,0,0,0,0,0,0,0,0,64,32,2421.307506,1210.653753,0,31,7.75,15.5,240.25,0,0,0,0,1,0,0,0,0,10.33333333,15.5,0,0,0,0,0,0,0,2,31,1,0,-1,55465,1,0,0,0,0,0,0,0,0,0,No VPN
7000,6,57955,4,6,41,1665,41,0,10.25,20.5,1448,0,277.5,579.9578433,29436.63187,172.5476663,6439.444444,12500.86449,38398,3,46343,15447.66667,24269.23224,43451,521,57250,11450,15691.72755,38398,3,0,0,0,0,128,216,69.01906652,103.5285998,0,1448,155.0909091,433.6921615,188088.8909,0,1,0,0,0,0,0,0,1,170.6,10.25,277.5,0,0,0,0,0,0,4,41,6,1665,-1,2058,1,0,0,0,0,0,0,0,0,0,No VPN
63854,6,1311,1,1,0,0,0,0,0,0,0,0,0,0,0,1525.553013,1311,0,1311,1311,0,0,0,0,0,0,0,0,0,0,0,0,0,0,32,32,762.7765065,762.7765065,0,0,0,0,0,0,0,0,0,1,0,0,0,1,0,0,0,0,0,0,0,0,0,1,0,1,0,-1,2058,0,0,0,0,0,0,0,0,0,0,No VPN
443,6,105041269,7,12,690,1807,612,0,98.57142857,227.1459569,1400,0,150.5833333,402.3457261,23.77160923,0.180881288,5835626.056,1.47E+07,4.50E+07,0,6.00E+07,9996601.5,1.82E+07,4.50E+07,85,1.05E+08,9549206.273,1.81E+07,4.50E+07,0,0,0,0,0,200,372,0.066640474,0.114240813,0,1400,124.85,333.9273913,111507.5026,0,0,0,0,1,0,0,0,1,131.4210526,98.57142857,150.5833333,0,0,0,0,0,0,7,690,12,1807,-1,295,3,0,28569.66667,4013.565788,31200,23950,3.49E+07,1.74E+07,4.50E+07,1.48E+07,No VPN
5228,6,90072520,2,4,0,0,0,0,0,0,0,0,0,0,0,0.066612991,1.80E+07,2.46E+07,4.50E+07,23031,4.50E+07,4.50E+07,0,4.50E+07,4.50E+07,9.01E+07,3.00E+07,2.60E+07,4.50E+07,24258,0,0,0,0,40,116,0.02220433,0.044408661,0,0,0,0,0,0,0,0,0,1,0,0,0,2,0,0,0,0,0,0,0,0,0,2,0,4,0,-1,265,0,0,23644.5,867.6200205,24258,23031,4.50E+07,38.18376618,4.50E+07,4.50E+07,No VPN
443,6,95206662,8,7,849,1346,775,0,106.125,271.5039792,966,0,192.2857143,369.4002862,23.05510932,0.157552,6800475.857,1.62E+07,4.50E+07,1,9.52E+07,1.36E+07,2.15E+07,4.50E+07,465,9.01E+07,1.50E+07,2.32E+07,4.50E+07,1,0,0,0,0,232,244,0.084027733,0.073524267,0,966,137.1875,303.5929772,92168.69583,0,1,0,0,0,0,0,0,0,146.3333333,106.125,192.2857143,0,0,0,0,0,0,8,849,7,1346,-1,263,2,0,49514.5,29624.2386,70462,28567,4.50E+07,878.2266222,4.50E+07,4.50E+07,No VPN
